duration,src_bytes,dst_bytes,count,srv_count,dst_host_count,dst_host_srv_count,wrong_fragment,urgent,hot,num_failed_logins,logged_in,num_compromised,root_shell,su_attempted,num_root,num_file_creations,num_access_files,num_outbound_cmds,is_host_login,is_guest_login,label
0,44,115,0,2,0.4,255,0,0,0,0,0,0,0,0,0,0,0,0,0,0,0
0,248,1273,0,4,0.0,29,0,0,0,0,1,0,0,0,0,0,0,0,0,0,0
0,310,1957,0,4,0.0,11,0,0,0,0,1,0,0,0,0,0,0,0,0,0,0
0,240,4664,0,1,0.75,18,0,0,0,0,1,0,0,0,0,0,0,0,0,0,0
0,0,0,0,21,0.0,255,0,0,0,0,0,0,0,0,0,0,0,0,0,0,1
0,48,266,0,76,0.0,255,0,0,0,0,1,0,0,0,0,0,0,0,0,0,0
0,768,0,0,11,0.0,255,0,0,0,0,1,0,0,0,0,0,0,0,0,0,0
0,0,0,0,293,0.0,255,0,0,0,0,0,0,0,0,0,0,0,0,0,0,1
0,147,0,0,3,0.0,255,0,0,0,0,0,0,0,0,0,0,0,0,0,0,0
0,1307,481,0,1,1.0,255,0,0,0,0,1,0,0,0,0,0,0,0,0,0,0
0,316,5212,0,12,0.0,12,0,0,0,0,1,0,0,0,0,0,0,0,0,0,0
0,0,0,0,288,0.0,148,0,0,0,0,0,0,0,0,0,0,0,0,0,0,1
0,1,0,0,25,0.0,255,0,0,0,0,0,0,0,0,0,0,0,0,0,0,1
0,0,0,0,144,0.0,255,0,0,0,0,0,0,0,0,0,0,0,0,0,0,1
0,516,4,0,407,0.0,255,0,0,0,0,0,0,0,0,0,0,0,0,0,0,0
0,105,146,0,1,0.0,200,0,0,0,0,0,0,0,0,0,0,0,0,0,0,0
0,383,0,0,2,0.0,43,0,0,0,0,0,0,0,0,0,0,0,0,0,0,0
14362,705,106734,0,1,0.0,255,0,0,0,0,1,307,1,2,338,0,0,2,0,0,0
0,240,306,0,1,0.0,144,0,0,0,0,1,0,0,0,0,0,0,0,0,0,0
0,0,0,0,289,0.0,255,0,0,0,0,0,0,0,0,0,0,0,0,0,0,1
0,0,0,0,324,0.0,255,0,0,0,0,0,0,0,0,0,0,0,0,0,0,1
0,0,0,0,140,0.0,255,0,0,0,0,0,0,0,0,0,0,0,0,0,0,1
0,44,44,0,2,0.75,255,0,0,0,0,0,0,0,0,0,0,0,0,0,0,0
0,0,0,0,205,0.0,255,0,0,0,0,0,0,0,0,0,0,0,0,0,0,1
0,42,42,0,2,0.5,255,0,0,0,0,0,0,0,0,0,0,0,0,0,0,0
0,46,78,0,119,0.0,255,0,0,0,0,0,0,0,0,0,0,0,0,0,0,0
0,292,729,0,46,0.0,255,0,0,0,0,1,0,0,0,0,0,0,0,0,0,0
0,0,0,0,1,0.0,228,0,0,0,0,0,0,0,0,0,0,0,0,0,0,0
0,218,9432,0,19,0.0,65,0,0,0,0,1,0,0,0,0,0,0,0,0,0,0
0,1883,329,0,1,0.0,192,0,0,0,0,1,0,0,0,0,0,0,0,0,0,0
0,315,380,0,17,0.11,255,0,0,0,0,1,0,0,0,0,0,0,0,0,0,0
718,85704,0,0,13,0.0,255,0,0,0,0,1,0,0,0,0,0,0,0,0,0,1
0,218,495,0,4,0.15,19,0,0,0,0,1,0,0,0,0,0,0,0,0,0,0
282,162,597,1,1,0.0,17,0,0,2,0,1,0,0,0,0,0,0,0,0,0,1
0,0,0,0,183,0.0,255,0,0,0,0,0,0,0,0,0,0,0,0,0,0,1
0,28,0,0,16,0.0,88,3,0,0,0,0,0,0,0,0,0,0,0,0,0,1
0,0,0,0,132,0.0,255,0,0,0,0,0,0,0,0,0,0,0,0,0,0,1
0,2168,402,0,1,0.0,255,0,0,0,0,1,0,0,0,0,0,0,0,0,0,0
0,0,0,0,48,0.0,255,0,0,0,0,0,0,0,0,0,0,0,0,0,0,1
0,0,0,0,295,0.0,255,0,0,0,0,0,0,0,0,0,0,0,0,0,0,1
0,199,16725,0,5,0.0,209,0,0,0,0,1,0,0,0,0,0,0,0,0,0,0
0,0,0,0,238,0.0,255,0,0,0,0,0,0,0,0,0,0,0,0,0,0,1
0,1,0,0,3,0.0,255,0,0,0,0,0,0,0,0,0,0,0,0,0,0,1
0,8,0,0,1,1.0,2,0,0,0,0,0,0,0,0,0,0,0,0,0,0,1
0,183,361,0,17,0.11,255,0,0,0,0,1,0,0,0,0,0,0,0,0,0,0
2,661,338,0,1,1.0,136,0,0,0,0,1,0,0,0,0,0,0,0,0,0,0
0,0,0,0,3,1.0,255,0,0,0,0,0,0,0,0,0,0,0,0,0,0,1
0,0,0,0,39,0.0,255,0,0,0,0,0,0,0,0,0,0,0,0,0,0,1
0,0,0,0,143,0.0,255,0,0,0,0,0,0,0,0,0,0,0,0,0,0,1
0,0,0,0,120,0.0,255,0,0,0,0,0,0,0,0,0,0,0,0,0,0,1
280,283618,0,0,1,0.0,1,0,0,0,0,0,0,0,0,0,0,0,0,0,0,1
0,279,2289,0,6,0.38,6,0,0,0,0,1,0,0,0,0,0,0,0,0,0,0
0,345,418,0,20,0.0,255,0,0,0,0,1,0,0,0,0,0,0,0,0,0,0
0,184,12072,0,8,0.0,116,0,0,0,0,1,0,0,0,0,0,0,0,0,0,0
0,0,0,0,132,0.0,255,0,0,0,0,0,0,0,0,0,0,0,0,0,0,1
0,0,0,0,247,0.0,255,0,0,0,0,0,0,0,0,0,0,0,0,0,0,1
0,54540,8314,0,4,0.07,255,0,0,2,0,1,1,0,0,0,0,0,0,0,0,1
0,308,370,0,9,0.0,144,0,0,0,0,1,0,0,0,0,0,0,0,0,0,0
0,0,0,0,254,0.0,255,0,0,0,0,0,0,0,0,0,0,0,0,0,0,1
0,45,45,0,102,0.02,255,0,0,0,0,0,0,0,0,0,0,0,0,0,0,0
0,0,0,0,147,0.0,255,0,0,0,0,0,0,0,0,0,0,0,0,0,0,1
0,0,0,0,140,0.0,255,0,0,0,0,0,0,0,0,0,0,0,0,0,0,1
0,0,0,0,226,0.0,255,0,0,0,0,0,0,0,0,0,0,0,0,0,0,1
12,7045,0,0,2,0.0,2,0,0,0,0,1,0,0,0,0,0,0,0,0,0,1
0,225,673,0,26,0.1,255,0,0,0,0,1,0,0,0,0,0,0,0,0,0,0
0,0,0,0,231,0.0,255,0,0,0,0,0,0,0,0,0,0,0,0,0,0,1
0,288,2153,0,44,0.0,184,0,0,0,0,1,0,0,0,0,0,0,0,0,0,0
0,0,0,0,259,0.0,255,0,0,0,0,0,0,0,0,0,0,0,0,0,0,1
0,30,0,0,2,0.0,238,0,0,0,0,0,0,0,0,0,0,0,0,0,0,0
0,0,0,0,210,0.0,255,0,0,0,0,0,0,0,0,0,0,0,0,0,0,1
0,129,45,0,287,0.0,176,0,0,0,0,0,0,0,0,0,0,0,0,0,0,0
0,1,74,0,28,0.0,255,0,0,0,0,0,0,0,0,0,0,0,0,0,0,1
0,0,0,0,26,0.0,255,0,0,0,0,0,0,0,0,0,0,0,0,0,0,1
0,226,1047,0,9,0.2,156,0,0,0,0,1,0,0,0,0,0,0,0,0,0,0
0,762,330,0,1,1.0,176,0,0,0,0,1,0,0,0,0,0,0,0,0,0,0
0,0,0,0,1,0.0,33,0,0,0,0,0,0,0,0,0,0,0,0,0,0,0
0,0,0,0,120,0.0,255,0,0,0,0,0,0,0,0,0,0,0,0,0,0,1
0,257,5097,0,6,0.0,255,0,0,0,0,1,0,0,0,0,0,0,0,0,0,0
0,0,0,0,2,0.0,255,0,0,0,0,0,0,0,0,0,0,0,0,0,0,1
0,265,1125,0,4,0.4,137,0,0,0,0,1,0,0,0,0,0,0,0,0,0,0
0,7233,0,0,9,0.0,58,0,0,0,0,1,0,0,0,0,0,0,0,0,0,0
0,0,0,0,103,0.0,28,0,0,0,0,0,0,0,0,0,0,0,0,0,0,1
0,0,0,0,141,0.0,255,0,0,0,0,0,0,0,0,0,0,0,0,0,0,1
0,369,14721,0,4,0.18,194,0,0,0,0,1,0,0,0,0,0,0,0,0,0,0
0,225,1484,0,9,0.0,26,0,0,0,0,1,0,0,0,0,0,0,0,0,0,0
0,285,1994,0,7,0.25,40,0,0,0,0,1,0,0,0,0,0,0,0,0,0,0
0,314,657,0,1,0.21,25,0,0,0,0,1,0,0,0,0,0,0,0,0,0,0
0,0,0,0,147,0.0,255,0,0,0,0,0,0,0,0,0,0,0,0,0,0,1
0,0,0,0,245,0.0,255,0,0,0,0,0,0,0,0,0,0,0,0,0,0,1
0,0,0,0,108,0.0,255,0,0,0,0,0,0,0,0,0,0,0,0,0,0,1
0,0,0,0,248,0.0,255,0,0,0,0,0,0,0,0,0,0,0,0,0,0,1
0,203,277,0,13,0.0,173,0,0,0,0,1,0,0,0,0,0,0,0,0,0,0
0,0,0,0,2,0.0,255,0,0,0,0,0,0,0,0,0,0,0,0,0,0,1
0,0,0,0,119,0.0,255,0,0,0,0,0,0,0,0,0,0,0,0,0,0,1
0,8,0,0,1,1.0,2,0,0,0,0,0,0,0,0,0,0,0,0,0,0,1
0,1032,0,0,448,0.0,255,0,0,0,0,0,0,0,0,0,0,0,0,0,0,1
0,0,0,0,249,0.0,255,0,0,0,0,0,0,0,0,0,0,0,0,0,0,1
0,0,0,0,3,0.0,255,0,0,0,0,0,0,0,0,0,0,0,0,0,0,1
0,234,4797,0,6,0.0,58,0,0,0,0,1,0,0,0,0,0,0,0,0,0,0
0,169,10326,0,1,0.0,135,0,0,0,0,1,0,0,0,0,0,0,0,0,0,0
0,234,1380,0,3,0.5,255,0,0,0,0,1,0,0,0,0,0,0,0,0,0,0
0,199,619,0,2,0.0,186,0,0,0,0,1,0,0,0,0,0,0,0,0,0,0
0,46,132,0,153,0.01,255,0,0,0,0,0,0,0,0,0,0,0,0,0,0,0
0,34,34,0,3,0.38,255,0,0,0,0,0,0,0,0,0,0,0,0,0,0,0
0,0,0,0,120,0.0,255,0,0,0,0,0,0,0,0,0,0,0,0,0,0,1
0,12,0,0,1,1.0,1,0,0,0,0,0,0,0,0,0,0,0,0,0,0,1
0,1,0,0,41,0.0,255,0,0,0,0,0,0,0,0,0,0,0,0,0,0,1
0,0,0,0,132,0.0,255,0,0,0,0,0,0,0,0,0,0,0,0,0,0,1
0,303,2698,0,4,0.0,255,0,0,0,0,1,0,0,0,0,0,0,1,0,0,0
0,0,0,0,107,0.0,255,0,0,0,0,0,0,0,0,0,0,0,0,0,0,1
0,323,8865,0,8,0.0,8,0,0,0,0,1,0,0,0,0,0,0,0,0,0,0
8124,0,15,0,1,0.0,255,0,0,0,0,0,0,0,0,0,0,0,0,0,0,1
0,0,0,0,508,0.0,255,0,0,0,0,0,0,0,0,0,0,0,0,0,0,1
0,210,1013,0,2,0.24,10,0,0,0,0,1,0,0,0,0,0,0,0,0,0,0
0,0,0,0,101,0.0,255,0,0,0,0,0,0,0,0,0,0,0,0,0,0,1
3,27,93,0,1,0.0,255,0,0,0,0,1,0,0,0,0,0,0,0,0,0,1
0,151,0,0,1,1.0,68,0,0,5,0,1,0,0,0,0,0,0,0,0,0,0
0,0,0,0,253,0.0,255,0,0,0,0,0,0,0,0,0,0,0,0,0,0,1
0,1566,385,0,1,0.0,255,0,0,0,0,1,0,0,0,0,0,0,0,0,0,0
280,283618,0,0,2,0.0,2,0,0,0,0,0,0,0,0,0,0,0,0,0,0,1
0,45,80,0,227,0.01,255,0,0,0,0,0,0,0,0,0,0,0,0,0,0,0
0,0,0,0,1,0.0,37,0,0,0,0,0,0,0,0,0,0,0,0,0,0,1
0,220,2494,0,4,0.0,52,0,0,0,0,1,0,0,0,0,0,0,0,0,0,0
0,209,2488,0,10,0.0,91,0,0,0,0,1,0,0,0,0,0,0,0,0,0,0
0,0,0,0,297,0.0,255,0,0,0,0,0,0,0,0,0,0,0,0,0,0,1
0,0,0,0,248,0.11,255,0,0,0,0,0,0,0,0,0,0,0,0,0,0,1
0,43,68,0,157,0.0,255,0,0,0,0,0,0,0,0,0,0,0,0,0,0,0
283,159,595,1,1,0.0,255,0,0,2,0,1,0,0,0,0,0,0,0,0,0,1
0,0,0,0,244,0.0,255,0,0,0,0,0,0,0,0,0,0,0,0,0,0,1
0,144,193,0,1,0.11,18,0,0,0,0,1,0,0,0,0,0,0,0,0,0,0
0,0,0,0,241,0.0,255,0,0,0,0,0,0,0,0,0,0,0,0,0,0,1
0,54540,8314,0,4,0.0,35,0,0,2,0,1,1,0,0,0,0,0,0,0,0,1
0,0,0,0,82,0.0,255,0,0,0,0,0,0,0,0,0,0,0,0,0,0,1
0,0,0,0,129,0.0,255,0,0,0,0,0,0,0,0,0,0,0,0,0,0,1
0,0,0,0,142,0.0,255,0,0,0,0,0,0,0,0,0,0,0,0,0,0,1
0,218,1856,0,9,0.17,111,0,0,0,0,1,0,0,0,0,0,0,0,0,0,0
0,284,4482,0,8,0.22,22,0,0,0,0,1,0,0,0,0,0,0,0,0,0,0
0,297,11715,0,3,0.18,3,0,0,0,0,1,0,0,0,0,0,0,0,0,0,0
0,8,0,0,1,1.0,2,0,0,0,0,0,0,0,0,0,0,0,0,0,0,1
0,230,2655,0,2,0.67,20,0,0,0,0,1,0,0,0,0,0,0,0,0,0,0
27,1473,4152,1,1,0.0,110,0,0,30,0,1,0,0,0,0,0,0,0,0,0,0
0,159,9533,0,1,0.0,95,0,0,0,0,1,0,0,0,0,0,0,0,0,0,0
0,237,1732,0,16,0.0,16,0,0,0,0,1,0,0,0,0,0,0,0,0,0,0
0,158,169,0,2,0.0,14,0,0,0,0,1,0,0,0,0,0,0,0,0,0,0
0,0,0,0,77,0.0,255,0,0,0,0,0,0,0,0,0,0,0,0,0,0,1
0,248,1875,0,3,0.0,255,0,0,0,0,1,0,0,0,0,0,0,0,0,0,0
0,0,0,0,173,0.0,255,0,0,0,0,0,0,0,0,0,0,0,0,0,0,1
0,0,0,0,297,0.0,255,0,0,0,0,0,0,0,0,0,0,0,0,0,0,1
0,28,0,0,45,0.0,255,3,0,0,0,0,0,0,0,0,0,0,0,0,0,1
0,520,0,0,194,0.0,255,0,0,0,0,0,0,0,0,0,0,0,0,0,0,1
0,0,0,0,198,0.0,255,0,0,0,0,0,0,0,0,0,0,0,0,0,0,1
0,202,6776,0,2,0.0,40,0,0,0,0,1,0,0,0,0,0,0,0,0,0,0
0,319,1713,0,13,0.0,63,0,0,0,0,1,0,0,0,0,0,0,0,0,0,0
0,0,0,0,297,0.06,255,0,0,0,0,0,0,0,0,0,0,0,0,0,0,1
0,226,509,0,1,0.0,45,0,0,0,0,1,0,0,0,0,0,0,0,0,0,0
0,0,0,0,107,0.0,255,0,0,0,0,0,0,0,0,0,0,0,0,0,0,1
0,0,0,0,103,0.0,255,0,0,0,0,0,0,0,0,0,0,0,0,0,0,1
0,186,1560,0,2,0.0,2,0,0,0,0,1,0,0,0,0,0,0,0,0,0,0
0,224,25101,0,1,0.22,24,0,0,0,0,1,0,0,0,0,0,0,0,0,0,0
0,0,0,0,277,0.0,255,0,0,0,0,0,0,0,0,0,0,0,0,0,0,1
0,0,0,0,110,0.0,255,0,0,0,0,0,0,0,0,0,0,0,0,0,0,1
0,318,1885,0,13,0.0,255,0,0,0,0,1,0,0,0,0,0,0,0,0,0,0
0,8,0,0,1,1.0,2,0,0,0,0,0,0,0,0,0,0,0,0,0,0,1
0,0,0,0,194,0.0,255,0,0,0,0,0,0,0,0,0,0,0,0,0,0,1
0,46,72,0,118,0.0,255,0,0,0,0,0,0,0,0,0,0,0,0,0,0,0
0,0,0,0,77,0.0,255,0,0,0,0,0,0,0,0,0,0,0,0,0,0,1
0,724,336,0,1,0.0,120,0,0,0,0,1,0,0,0,0,0,0,0,0,0,0
0,315,663,0,39,0.0,255,0,0,0,0,1,0,0,0,0,0,0,0,0,0,0
0,183,0,0,2,0.0,255,0,0,0,0,0,0,0,0,0,0,0,0,0,0,0
0,0,0,0,211,0.0,255,0,0,0,0,0,0,0,0,0,0,0,0,0,0,1
0,0,0,0,41,0.0,255,0,0,0,0,0,0,0,0,0,0,0,0,0,0,1
0,0,0,0,243,0.0,103,0,0,0,0,0,0,0,0,0,0,0,0,0,0,1
0,30,0,0,2,0.0,255,0,0,0,0,0,0,0,0,0,0,0,0,0,0,0
0,224,6509,0,7,0.0,7,0,0,0,0,1,0,0,0,0,0,0,0,0,0,0
300,244,620,0,3,0.0,255,0,0,0,0,0,0,0,0,0,0,0,0,0,0,1
0,0,0,0,296,0.0,255,0,0,0,0,0,0,0,0,0,0,0,0,0,0,1
806,702,23468,0,1,0.0,224,0,0,0,0,1,4,0,0,0,0,0,0,0,0,0
0,249,1931,0,3,0.0,255,0,0,0,0,1,0,0,0,0,0,0,0,0,0,0
0,0,0,0,280,0.0,255,0,0,0,0,0,0,0,0,0,0,0,0,0,0,1
0,0,0,0,1,1.0,63,0,0,0,0,0,0,0,0,0,0,0,0,0,0,0
0,43,132,0,119,0.01,255,0,0,0,0,0,0,0,0,0,0,0,0,0,0,0
0,0,0,0,217,0.0,255,0,0,0,0,0,0,0,0,0,0,0,0,0,0,1
0,307,415,0,1,0.0,255,0,0,0,0,1,0,0,0,0,0,0,0,0,0,0
0,0,0,0,265,0.0,255,0,0,0,0,0,0,0,0,0,0,0,0,0,0,1
0,809,283,0,1,0.0,195,0,0,0,0,1,0,0,0,0,0,0,0,0,0,0
0,287,261,0,4,0.2,10,0,0,0,0,1,0,0,0,0,0,0,0,0,0,0
0,282,1767,0,11,0.0,75,0,0,0,0,1,0,0,0,0,0,0,0,0,0,0
0,0,0,0,244,0.0,255,0,0,0,0,0,0,0,0,0,0,0,0,0,0,1
0,0,0,0,122,0.0,255,0,0,0,0,0,0,0,0,0,0,0,0,0,0,1
0,1032,0,0,511,0.0,255,0,0,0,0,0,0,0,0,0,0,0,0,0,0,1
0,229,3688,0,2,0.33,59,0,0,0,0,1,0,0,0,0,0,0,0,0,0,0
0,125,240,0,1,0.0,101,0,0,0,0,1,0,0,0,0,0,0,0,0,0,0
0,0,0,0,458,0.0,255,0,0,0,0,0,0,0,0,0,0,0,0,0,0,1
0,209,3559,0,6,0.0,6,0,0,0,0,1,0,0,0,0,0,0,0,0,0,0
0,0,0,0,217,0.0,255,0,0,0,0,0,0,0,0,0,0,0,0,0,0,1
0,0,0,0,51,0.0,255,0,0,0,0,0,0,0,0,0,0,0,0,0,0,1
0,0,0,0,1,0.0,83,0,0,0,0,0,0,0,0,0,0,0,0,0,0,0
0,163,15340,0,1,0.0,255,0,0,0,0,1,0,0,0,0,0,0,0,0,0,0
0,0,0,0,177,0.0,255,0,0,0,0,0,0,0,0,0,0,0,0,0,0,1
0,45,72,0,306,0.0,255,0,0,0,0,0,0,0,0,0,0,0,0,0,0,0
0,46,80,0,289,0.0,255,0,0,0,0,0,0,0,0,0,0,0,0,0,0,0
0,285,18259,0,8,0.24,82,0,0,0,0,1,0,0,0,0,0,0,0,0,0,0
4,56,189,0,1,0.0,92,0,0,0,1,0,0,0,0,0,0,0,0,0,0,0
0,296,1227,0,2,0.0,147,0,0,0,0,1,0,0,0,0,0,0,0,0,0,0
0,0,0,0,253,0.0,255,0,0,0,0,0,0,0,0,0,0,0,0,0,0,1
0,8,0,0,1,1.0,2,0,0,0,0,0,0,0,0,0,0,0,0,0,0,1
0,0,0,0,209,0.0,255,0,0,0,0,0,0,0,0,0,0,0,0,0,0,1
0,0,0,0,133,0.0,255,0,0,0,0,0,0,0,0,0,0,0,0,0,0,1
0,1025,333,0,1,0.0,9,0,0,0,0,1,0,0,0,0,0,0,0,0,0,0
0,0,0,0,206,0.0,255,0,0,0,0,0,0,0,0,0,0,0,0,0,0,1
0,325,412,0,2,0.0,255,0,0,0,0,1,0,0,0,0,0,0,0,0,0,0
0,12,0,0,1,0.0,44,0,0,0,0,1,0,0,0,0,0,0,0,0,0,0
1,0,0,0,1,0.0,219,0,0,0,0,0,0,0,0,0,0,0,0,0,0,0
0,240,25683,0,3,0.0,203,0,0,0,0,1,0,0,0,0,0,0,0,0,0,0
0,0,0,0,88,0.0,255,0,0,0,0,0,0,0,0,0,0,0,0,0,0,1
0,0,0,0,22,0.0,44,0,0,0,0,0,0,0,0,0,0,0,0,0,0,1
0,8,0,0,1,1.0,2,0,0,0,0,0,0,0,0,0,0,0,0,0,0,1
0,0,0,0,286,0.0,255,0,0,0,0,0,0,0,0,0,0,0,0,0,0,1
0,217,330,0,17,0.11,255,0,0,0,0,1,0,0,0,0,0,0,0,0,0,0
46,989,1113826,0,1,0.0,137,0,0,0,0,1,0,0,0,0,0,0,0,0,0,0
0,0,0,0,262,0.06,255,0,0,0,0,0,0,0,0,0,0,0,0,0,0,1
0,44,131,0,78,0.01,212,0,0,0,0,0,0,0,0,0,0,0,0,0,0,0
0,18,0,0,1,0.0,2,0,0,0,0,0,0,0,0,0,0,0,0,0,0,1
0,0,0,0,228,0.0,255,0,0,0,0,0,0,0,0,0,0,0,0,0,0,1
0,0,0,0,248,0.0,255,0,0,0,0,0,0,0,0,0,0,0,0,0,0,1
0,0,0,0,207,0.0,255,0,0,0,0,0,0,0,0,0,0,0,0,0,0,1
0,45,71,0,67,0.01,255,0,0,0,0,0,0,0,0,0,0,0,0,0,0,0
0,8,0,0,1,1.0,3,0,0,0,0,0,0,0,0,0,0,0,0,0,0,1
0,0,0,0,265,0.0,255,0,0,0,0,0,0,0,0,0,0,0,0,0,0,1
0,0,0,0,132,0.0,255,0,0,0,0,0,0,0,0,0,0,0,0,0,0,1
0,0,0,0,1,0.0,7,0,0,0,0,0,0,0,0,0,0,0,0,0,0,0
15,11430,1383,0,1,1.0,6,0,0,0,0,1,0,0,0,0,0,0,0,0,0,0
0,0,0,0,117,0.0,255,0,0,0,0,0,0,0,0,0,0,0,0,0,0,1
0,189,270,0,2,0.0,255,0,0,0,0,1,0,0,0,0,0,0,0,0,0,0
0,233,170,0,1,0.0,86,0,0,0,0,1,0,0,0,0,0,0,0,0,0,0
0,45,133,0,11,0.03,255,0,0,0,0,0,0,0,0,0,0,0,0,0,0,0
0,245,1287,0,1,0.2,210,0,0,0,0,1,0,0,0,0,0,0,0,0,0,0
0,0,0,0,102,0.0,255,0,0,0,0,0,0,0,0,0,0,0,0,0,0,1
0,0,0,0,149,0.0,255,0,0,0,0,0,0,0,0,0,0,0,0,0,0,1
1,2599,293,0,1,0.0,255,0,0,0,0,1,0,0,0,0,0,0,0,0,0,1
0,210,1242,0,2,0.27,24,0,0,0,0,1,0,0,0,0,0,0,0,0,0,0
0,252,2125,0,6,0.29,88,0,0,0,0,1,0,0,0,0,0,0,0,0,0,0
0,1,0,0,64,0.0,255,0,0,0,0,0,0,0,0,0,0,0,0,0,0,1
0,291,302,0,17,0.0,255,0,0,0,0,1,0,0,0,0,0,0,0,0,0,0
0,245,0,0,2,0.0,225,0,0,0,0,1,0,0,0,1,0,0,0,0,0,0
0,294,3989,0,11,0.0,11,0,0,0,0,1,0,0,0,0,0,0,0,0,0,0
0,0,0,0,145,0.0,255,0,0,0,0,0,0,0,0,0,0,0,0,0,0,1
0,242,9454,0,1,0.0,6,0,0,0,0,1,0,0,0,0,0,0,0,0,0,0
5,180,1977,0,1,0.0,255,0,0,1,0,1,0,0,0,0,0,0,0,0,0,0
0,520,0,0,160,0.0,255,0,0,0,0,0,0,0,0,0,0,0,0,0,0,1
0,1032,0,0,337,0.0,255,0,0,0,0,0,0,0,0,0,0,0,0,0,0,1
16,96,29,0,1,0.0,148,0,0,0,0,0,0,0,0,0,0,0,0,0,0,0
3,1201,324,0,1,1.0,70,0,0,0,0,1,0,0,0,0,0,0,0,0,0,0
0,9178,0,0,2,0.0,9,0,0,0,0,1,0,0,0,0,0,0,0,0,0,0
2075,72564,0,0,8,0.0,255,0,0,0,0,1,0,0,0,0,0,0,0,0,0,1
0,1032,0,0,3,0.0,255,0,0,0,0,0,0,0,0,0,0,0,0,0,0,1
0,0,0,0,127,0.0,255,0,0,0,0,0,0,0,0,0,0,0,0,0,0,1
0,0,0,0,85,0.0,255,0,0,0,0,0,0,0,0,0,0,0,0,0,0,1
0,0,0,0,251,0.0,255,0,0,0,0,0,0,0,0,0,0,0,0,0,0,1
0,0,0,0,234,0.0,255,0,0,0,0,0,0,0,0,0,0,0,0,0,0,1
7412,147,105,0,1,0.0,255,0,0,0,0,0,0,0,0,0,0,0,0,0,0,0
0,304,168,0,7,0.0,45,0,0,0,0,1,0,0,0,0,0,0,0,0,0,0
0,1549,333,0,1,1.0,181,0,0,0,0,1,0,0,0,0,0,0,0,0,0,0
691,1,0,0,2,0.0,255,0,0,0,0,0,0,0,0,0,0,0,0,0,0,1
0,28,0,0,13,0.0,255,3,0,0,0,0,0,0,0,0,0,0,0,0,0,1
0,520,0,0,478,0.0,135,0,0,0,0,0,0,0,0,0,0,0,0,0,0,1
0,230,2196,0,20,0.12,226,0,0,0,0,1,0,0,0,0,0,0,0,0,0,0
0,0,0,0,230,0.0,255,0,0,0,0,0,0,0,0,0,0,0,0,0,0,1
0,0,0,0,109,0.0,255,0,0,0,0,0,0,0,0,0,0,0,0,0,0,1
0,1,0,0,124,0.0,255,0,0,0,0,0,0,0,0,0,0,0,0,0,0,1
0,303,1380,0,3,0.0,255,0,0,0,0,1,0,0,0,0,0,0,0,0,0,0
0,0,0,0,268,0.0,255,0,0,0,0,0,0,0,0,0,0,0,0,0,0,1
0,44,74,0,166,0.0,255,0,0,0,0,0,0,0,0,0,0,0,0,0,0,0
0,0,0,0,280,0.0,255,0,0,0,0,0,0,0,0,0,0,0,0,0,0,1
7790,147,105,0,1,0.0,255,0,0,0,0,0,0,0,0,0,0,0,0,0,0,0
0,0,0,0,144,0.0,255,0,0,0,0,0,0,0,0,0,0,0,0,0,0,1
0,43,0,0,5,0.0,255,0,0,0,0,0,0,0,0,0,0,0,0,0,0,1
0,373,0,0,2,0.0,133,0,0,0,0,0,0,0,0,0,0,0,0,0,0,0
0,0,0,0,150,0.0,255,0,0,0,0,0,0,0,0,0,0,0,0,0,0,1
0,0,0,0,242,0.0,255,0,0,0,0,0,0,0,0,0,0,0,0,0,0,1
0,125,174,0,1,0.0,255,0,0,0,1,0,0,0,0,0,0,0,0,0,0,1
0,1032,0,0,510,0.0,255,0,0,0,0,0,0,0,0,0,0,0,0,0,0,1
0,308,417,0,21,0.0,47,0,0,0,0,1,0,0,0,0,0,0,0,0,0,0
0,0,0,0,1,0.0,42,0,0,0,0,0,0,0,0,0,0,0,0,0,0,0
2,1231,2451,1,1,0.0,225,0,0,28,0,1,0,0,0,0,0,0,0,0,0,1
0,334,0,0,2,0.0,2,0,0,0,0,1,0,0,0,0,0,0,0,0,0,1
0,206,788,0,15,0.0,255,0,0,0,0,1,0,0,0,0,0,0,0,0,0,0
0,43,43,0,78,0.0,255,0,0,0,0,0,0,0,0,0,0,0,0,0,0,0
0,324,25021,0,3,0.13,3,0,0,0,0,1,0,0,0,0,0,0,0,0,0,0
0,235,34141,0,1,0.0,142,0,0,0,0,1,0,0,0,0,0,0,0,0,0,0
0,516,4,0,443,0.0,255,0,0,0,0,0,0,0,0,0,0,0,0,0,0,0
0,28,0,0,21,0.0,224,3,0,0,0,0,0,0,0,0,0,0,0,0,0,1
0,0,0,0,103,0.0,255,0,0,0,0,0,0,0,0,0,0,0,0,0,0,1
0,105,146,0,4,0.0,255,0,0,0,0,0,0,0,0,0,0,0,0,0,0,0
1,642,331,0,1,1.0,252,0,0,0,0,1,0,0,0,0,0,0,0,0,0,0
0,0,0,0,130,0.0,255,0,0,0,0,0,0,0,0,0,0,0,0,0,0,1
0,0,0,0,109,0.0,255,0,0,0,0,0,0,0,0,0,0,0,0,0,0,1
0,54540,2920,0,4,0.0,255,0,0,1,0,1,0,0,0,0,0,0,0,0,0,1
0,0,0,0,298,0.0,255,0,0,0,0,0,0,0,0,0,0,0,0,0,0,1
0,6601,0,0,21,0.0,91,0,0,0,0,0,0,0,0,0,0,0,0,0,0,0
0,284,3792,0,13,0.0,151,0,0,0,0,1,0,0,0,0,0,0,0,0,0,0
0,8,0,0,1,1.0,1,0,0,0,0,0,0,0,0,0,0,0,0,0,0,1
0,0,0,0,197,0.0,255,0,0,0,0,0,0,0,0,0,0,0,0,0,0,1
0,144,9813,0,17,0.0,42,0,0,0,0,1,0,0,0,0,0,0,0,0,0,0
0,0,0,0,1,0.0,255,0,0,0,0,0,0,0,0,0,0,0,0,0,0,1
0,0,0,0,132,0.0,255,0,0,0,0,0,0,0,0,0,0,0,0,0,0,1
25,35195,0,0,1,0.0,73,0,0,0,0,1,0,0,0,0,0,0,0,0,0,0
0,0,0,0,219,0.0,255,0,0,0,0,0,0,0,0,0,0,0,0,0,0,1
0,182,0,0,2,0.0,255,0,0,0,0,0,0,0,0,0,0,0,0,0,0,0
0,0,0,0,239,0.0,255,0,0,0,0,0,0,0,0,0,0,0,0,0,0,1
0,0,0,0,269,0.0,255,0,0,0,0,0,0,0,0,0,0,0,0,0,0,1
0,54,50,0,511,0.0,255,0,0,0,0,0,0,0,0,0,0,0,0,0,0,0
0,0,0,0,480,0.0,255,0,0,0,0,0,0,0,0,0,0,0,0,0,0,1
0,223,295,0,6,0.0,6,0,0,0,0,1,0,0,0,0,0,0,0,0,0,0
0,0,0,0,133,0.0,255,0,0,0,0,0,0,0,0,0,0,0,0,0,0,1
547,147,105,0,1,0.0,255,0,0,0,0,0,0,0,0,0,0,0,0,0,0,0
0,54540,8315,0,6,0.0,255,0,0,1,0,1,0,0,0,0,0,0,0,0,0,1
0,0,0,0,294,0.0,255,0,0,0,0,0,0,0,0,0,0,0,0,0,0,1
0,290,2782,0,11,0.15,48,0,0,0,0,1,0,0,0,0,0,0,0,0,0,0
0,313,8549,0,4,0.0,255,0,0,0,0,1,0,0,0,0,0,0,0,0,0,0
2,1101,325,0,1,0.0,12,0,0,0,0,1,0,0,0,0,0,0,0,0,0,0
0,105,0,0,1,0.0,118,0,0,0,0,0,0,0,0,0,0,0,0,0,0,0
0,239,431,0,1,0.0,14,0,0,0,0,1,0,0,0,0,0,0,0,0,0,0
0,16369,387,0,1,0.0,255,0,0,0,0,1,0,0,0,0,0,0,0,0,0,0
11,2224,334,0,1,0.0,119,0,0,0,0,1,0,0,0,0,0,0,0,0,0,0
0,37,0,0,2,0.0,255,0,0,0,0,0,0,0,0,0,0,0,0,0,0,0
0,0,0,0,243,0.0,255,0,0,0,0,0,0,0,0,0,0,0,0,0,0,1
0,0,0,0,113,0.0,255,0,0,0,0,0,0,0,0,0,0,0,0,0,0,1
0,45,130,0,78,0.01,189,0,0,0,0,0,0,0,0,0,0,0,0,0,0,0
0,0,0,0,136,0.0,255,0,0,0,0,0,0,0,0,0,0,0,0,0,0,1
0,1,0,0,28,0.0,255,0,0,0,0,0,0,0,0,0,0,0,0,0,0,1
0,193,4826,0,7,0.0,40,0,0,0,0,1,0,0,0,0,0,0,0,0,0,0
3,1944,334,0,1,0.0,91,0,0,0,0,1,0,0,0,0,0,0,0,0,0,0
0,230,1686,0,24,0.08,255,0,0,0,0,1,0,0,0,0,0,0,0,0,0,0
0,121,236,0,1,0.0,112,0,0,0,0,1,0,0,0,0,0,0,0,0,0,0
0,0,0,0,241,0.0,255,0,0,0,0,0,0,0,0,0,0,0,0,0,0,1
0,0,0,0,1,0.0,9,0,0,0,0,0,0,0,0,0,0,0,0,0,0,0
0,44,132,0,177,0.01,255,0,0,0,0,0,0,0,0,0,0,0,0,0,0,0
0,342,3576,0,22,0.07,29,0,0,0,0,1,0,0,0,0,0,0,0,0,0,0
0,319,1281,0,27,0.0,27,0,0,0,0,1,0,0,0,0,0,0,0,0,0,0
0,45,76,0,117,0.0,255,0,0,0,0,0,0,0,0,0,0,0,0,0,0,0
0,240,263,0,26,0.09,141,0,0,0,0,1,0,0,0,0,0,0,0,0,0,0
0,297,1442,0,11,0.19,255,0,0,0,0,1,0,0,0,0,0,0,0,0,0,0
0,149,362,0,3,0.4,12,0,0,0,0,1,0,0,0,0,0,0,0,0,0,0
0,253,2177,0,10,0.0,255,0,0,0,0,1,0,0,0,0,0,0,0,0,0,0
0,554,0,0,2,0.0,175,0,0,0,0,1,0,0,0,6,0,0,0,0,0,0
0,2895,332,0,1,0.0,255,0,0,0,0,1,0,0,0,0,0,0,0,0,0,0
0,213,21899,0,4,0.5,5,0,0,0,0,1,0,0,0,0,0,0,0,0,0,0
0,8766,0,0,2,0.67,135,0,0,0,0,1,0,0,0,0,0,0,0,0,0,0
0,0,0,0,20,0.0,100,0,0,0,0,0,0,0,0,0,0,0,0,0,0,1
0,18,0,0,1,0.0,1,0,0,0,0,0,0,0,0,0,0,0,0,0,0,1
0,266,289,0,7,0.0,255,0,0,0,0,1,0,0,0,0,0,0,0,0,0,0
7,862,332,0,1,0.0,129,0,0,0,0,1,0,0,0,0,0,0,0,0,0,0
1,6,54,0,4,0.8,255,0,0,0,0,0,0,0,0,0,0,0,0,0,0,1
0,54540,8314,0,5,0.0,255,0,0,2,0,1,1,0,0,0,0,0,0,0,0,1
0,705,329,0,1,0.0,14,0,0,0,0,1,0,0,0,0,0,0,0,0,0,0
0,0,0,0,68,0.0,255,0,0,0,0,0,0,0,0,0,0,0,0,0,0,1
0,0,0,0,279,0.0,255,0,0,0,0,0,0,0,0,0,0,0,0,0,0,1
0,0,0,0,224,0.0,255,0,0,0,0,0,0,0,0,0,0,0,0,0,0,1
0,1065,331,0,1,0.0,115,0,0,0,0,1,0,0,0,0,0,0,0,0,0,0
0,54540,8314,0,1,1.0,255,0,0,2,0,1,1,0,0,0,0,0,0,0,0,1
0,241,1380,0,4,0.3,255,0,0,0,0,1,0,0,0,0,0,0,0,0,0,0
0,0,0,0,105,0.0,255,0,0,0,0,0,0,0,0,0,0,0,0,0,0,1
0,0,0,0,221,0.0,255,0,0,0,0,0,0,0,0,0,0,0,0,0,0,1
0,8,0,0,1,1.0,2,0,0,0,0,0,0,0,0,0,0,0,0,0,0,1
0,0,0,0,42,0.0,255,0,0,0,0,0,0,0,0,0,0,0,0,0,0,1
0,1948,359,0,1,0.0,255,0,0,0,0,1,0,0,0,0,0,0,0,0,0,0
0,222,613,0,13,0.0,255,0,0,0,0,1,0,0,0,0,0,0,0,0,0,0
0,232,958,0,3,0.0,138,0,0,0,0,1,0,0,0,0,0,0,0,0,0,0
0,0,0,0,233,0.0,255,0,0,0,0,0,0,0,0,0,0,0,0,0,0,1
0,245,0,0,2,0.0,2,0,0,0,0,1,0,0,0,1,0,0,0,0,0,0
0,275,2055,0,4,0.4,192,0,0,0,0,1,0,0,0,0,0,0,0,0,0,0
0,12,0,0,2,0.0,8,0,0,0,0,0,0,0,0,0,0,0,0,0,0,1
0,300,2809,0,4,0.29,49,0,0,0,0,1,0,0,0,0,0,0,0,0,0,0
0,0,0,0,90,0.0,255,0,0,0,0,0,0,0,0,0,0,0,0,0,0,1
0,256,396,0,1,0.3,17,0,0,0,0,1,0,0,0,0,0,0,0,0,0,0
7614,0,44,0,1,0.0,255,0,0,0,0,0,0,0,0,0,0,0,0,0,0,1
0,7940,0,0,10,0.0,46,0,0,0,0,0,0,0,0,0,0,0,0,0,0,0
0,1355,392,0,2,0.0,172,0,0,0,0,1,0,0,0,0,0,0,0,0,0,0
0,352,3461,0,3,0.13,145,0,0,0,0,1,0,0,0,0,0,0,0,0,0,0
0,822,325,0,1,0.0,177,0,0,0,0,1,0,0,0,0,0,0,0,0,0,0
0,251,2431,0,2,0.0,157,0,0,0,0,1,0,0,0,0,0,0,0,0,0,0
0,5558,0,0,12,0.0,255,0,0,0,0,1,0,0,0,0,0,0,0,0,0,0
0,1224,2449,1,1,0.0,104,0,0,28,0,1,0,0,0,0,0,0,0,0,0,1
1,684,329,0,1,1.0,236,0,0,0,0,1,0,0,0,0,0,0,0,0,0,0
0,1212,338,0,1,1.0,117,0,0,0,0,1,0,0,0,0,0,0,0,0,0,0
0,0,0,0,288,0.0,255,0,0,0,0,0,0,0,0,0,0,0,0,0,0,1
0,333,1230,0,19,0.0,255,0,0,0,0,1,0,0,0,0,0,0,0,0,0,0
0,1,1,0,103,0.0,255,0,0,0,0,0,0,0,0,0,0,0,0,0,0,1
0,98,41,0,3,0.0,35,0,0,0,0,0,0,0,0,0,0,0,0,0,0,0
0,8,0,0,1,1.0,1,0,0,0,0,0,0,0,0,0,0,0,0,0,0,1
0,44,128,0,140,0.0,255,0,0,0,0,0,0,0,0,0,0,0,0,0,0,0
0,0,0,0,125,0.0,255,0,0,0,0,0,0,0,0,0,0,0,0,0,0,1
0,0,0,0,262,0.0,255,0,0,0,0,0,0,0,0,0,0,0,0,0,0,1
0,0,0,0,206,0.0,255,0,0,0,0,0,0,0,0,0,0,0,0,0,0,1
0,0,0,0,210,0.0,255,0,0,0,0,0,0,0,0,0,0,0,0,0,0,1
0,29,79,0,1,1.0,15,0,0,0,0,0,0,0,0,0,0,0,0,0,0,0
0,0,0,0,232,0.0,255,0,0,0,0,0,0,0,0,0,0,0,0,0,0,1
0,0,0,0,237,0.0,255,0,0,0,0,0,0,0,0,0,0,0,0,0,0,1
0,0,0,0,263,0.0,255,0,0,0,0,0,0,0,0,0,0,0,0,0,0,1
0,295,1768,0,19,0.14,255,0,0,0,0,1,0,0,0,0,0,0,0,0,0,0
0,879,0,0,13,0.0,237,0,0,0,0,1,0,0,0,0,0,0,0,0,0,0
0,45,132,0,79,0.01,255,0,0,0,0,0,0,0,0,0,0,0,0,0,0,0
0,0,0,0,1,0.0,238,0,0,0,0,0,0,0,0,0,0,0,0,0,0,0
0,0,0,0,2,0.0,2,0,0,0,0,0,0,0,0,0,0,0,0,0,0,0
1,2599,293,0,3,0.0,255,0,0,0,0,1,0,0,0,0,0,0,0,0,0,1
0,0,0,0,275,0.0,255,0,0,0,0,0,0,0,0,0,0,0,0,0,0,1
18848,2327,418769,0,1,0.0,255,0,0,0,0,1,281,0,1,278,1,0,0,0,0,0
0,317,405,0,11,0.13,255,0,0,0,0,1,0,0,0,0,0,0,0,0,0,0
0,268,656,0,1,0.08,1,0,0,0,0,1,0,0,0,0,0,0,0,0,0,0
0,33,88,0,1,0.0,58,0,0,0,0,0,0,0,0,0,0,0,0,0,0,0
0,1032,0,0,511,0.0,255,0,0,0,0,0,0,0,0,0,0,0,0,0,0,1
7591,146,105,0,3,0.0,255,0,0,0,0,0,0,0,0,0,0,0,0,0,0,0
0,28,0,0,26,0.0,255,3,0,0,0,0,0,0,0,0,0,0,0,0,0,1
0,0,0,0,287,0.0,255,0,0,0,0,0,0,0,0,0,0,0,0,0,0,1
0,189,14570,0,1,0.0,255,0,0,0,0,1,0,0,0,0,0,0,0,0,0,0
0,0,0,0,217,0.0,255,0,0,0,0,0,0,0,0,0,0,0,0,0,0,1
0,356,398,0,3,0.0,255,0,0,0,0,1,0,0,0,0,0,0,0,0,0,0
0,0,0,0,127,0.0,255,0,0,0,0,0,0,0,0,0,0,0,0,0,0,1
0,221,397,0,12,0.33,255,0,0,0,0,1,0,0,0,0,0,0,0,0,0,0
0,334,1365,0,10,0.0,255,0,0,0,0,1,0,0,0,0,0,0,0,0,0,0
0,120,174,0,2,0.0,255,0,0,0,1,0,0,0,0,0,0,0,0,0,0,1
0,207,2456,0,2,0.0,72,0,0,0,0,1,0,0,0,0,0,0,0,0,0,0
0,400,7221,0,1,0.0,1,0,0,0,0,1,0,0,0,0,0,0,0,0,0,0
0,325,555,0,7,0.33,255,0,0,0,0,1,0,0,0,0,0,0,0,0,0,0
0,1,0,0,26,0.0,255,0,0,0,0,0,0,0,0,0,0,0,0,0,0,1
0,232,2804,0,15,0.0,97,0,0,0,0,1,0,0,0,0,0,0,0,0,0,0
0,0,0,0,204,0.0,255,0,0,0,0,0,0,0,0,0,0,0,0,0,0,1
0,323,397,0,4,0.4,167,0,0,0,0,1,0,0,0,0,0,0,0,0,0,0
0,215,1425,0,3,0.0,255,0,0,0,0,1,0,0,0,0,0,0,0,0,0,0
0,0,0,0,145,0.0,255,0,0,0,0,0,0,0,0,0,0,0,0,0,0,1
0,641,0,0,1,1.0,29,0,0,0,0,1,0,0,0,0,0,0,0,0,0,0
0,0,0,0,1,0.0,54,0,0,0,0,0,0,0,0,0,0,0,0,0,0,1
0,0,0,0,209,0.0,248,0,0,0,0,0,0,0,0,0,0,0,0,0,0,1
0,197,1410,0,2,0.12,255,0,0,0,0,1,0,0,0,0,0,0,0,0,0,0
0,297,277,0,6,0.0,125,0,0,0,0,1,0,0,0,0,0,0,0,0,0,0
0,261,3913,0,1,1.0,255,0,0,0,0,1,0,0,0,0,0,0,0,0,0,0
0,0,0,0,23,0.0,255,0,0,0,0,0,0,0,0,0,0,0,0,0,0,1
0,247,1035,0,6,0.0,255,0,0,0,0,1,0,0,0,0,0,0,0,0,0,0
0,0,0,0,12,0.0,255,0,0,0,0,0,0,0,0,0,0,0,0,0,0,1
0,244,668,0,7,0.0,38,0,0,0,0,1,0,0,0,0,0,0,0,0,0,0
0,306,370,0,7,0.0,255,0,0,0,0,1,0,0,0,0,0,0,0,0,0,0
0,249,901,0,17,0.0,38,0,0,0,0,1,0,0,0,0,0,0,0,0,0,0
0,0,0,0,103,0.0,255,0,0,0,0,0,0,0,0,0,0,0,0,0,0,1
0,203,0,0,2,0.67,4,0,0,0,0,1,0,0,0,0,0,0,0,0,0,0
0,229,1442,0,1,0.0,150,0,0,0,0,1,0,0,0,0,0,0,0,0,0,0
0,245,0,0,1,0.0,255,0,0,0,0,1,0,0,0,1,0,0,0,0,0,0
46,338,238,0,1,0.3,97,0,0,0,0,1,0,0,0,0,0,0,0,0,0,0
0,45,111,0,68,0.01,255,0,0,0,0,0,0,0,0,0,0,0,0,0,0,0
0,0,0,0,102,0.0,154,0,0,0,0,0,0,0,0,0,0,0,0,0,0,1
0,0,0,0,1,0.0,1,0,0,0,0,0,0,0,0,0,0,0,0,0,0,0
0,105,146,0,1,0.0,255,0,0,0,0,0,0,0,0,0,0,0,0,0,0,0
0,0,0,0,37,0.0,255,0,0,0,0,0,0,0,0,0,0,0,0,0,0,1
0,0,0,0,106,0.0,255,0,0,0,0,0,0,0,0,0,0,0,0,0,0,1
0,0,0,0,233,0.0,255,0,0,0,0,0,0,0,0,0,0,0,0,0,0,1
0,213,605,0,30,0.06,167,0,0,0,0,1,0,0,0,0,0,0,0,0,0,0
0,0,0,0,102,0.0,127,0,0,0,0,0,0,0,0,0,0,0,0,0,0,1
0,231,321,0,3,0.5,255,0,0,0,0,1,0,0,0,0,0,0,0,0,0,0
25,340,1063,1,1,0.0,129,0,0,6,0,1,0,0,0,0,0,0,0,0,0,0
0,0,0,0,1,0.0,4,0,0,0,0,0,0,0,0,0,0,0,0,0,0,0
0,8,0,0,1,1.0,1,0,0,0,0,0,0,0,0,0,0,0,0,0,0,1
0,0,0,0,125,0.0,255,0,0,0,0,0,0,0,0,0,0,0,0,0,0,1
0,279,757,0,2,0.22,107,0,0,0,0,1,0,0,0,0,0,0,0,0,0,0
0,0,0,0,31,0.0,255,0,0,0,0,0,0,0,0,0,0,0,0,0,0,1
0,0,0,0,1,0.0,12,0,0,0,0,0,0,0,0,0,0,0,0,0,0,0
0,124,174,0,1,0.0,255,0,0,0,1,0,0,0,0,0,0,0,0,0,0,1
0,1032,0,0,358,0.0,193,0,0,0,0,0,0,0,0,0,0,0,0,0,0,1
0,36,36,0,2,0.44,255,0,0,0,0,0,0,0,0,0,0,0,0,0,0,0
0,0,0,0,314,0.0,255,0,0,0,0,0,0,0,0,0,0,0,0,0,0,1
0,8,0,0,1,1.0,2,0,0,0,0,0,0,0,0,0,0,0,0,0,0,1
281,162,597,1,1,0.0,255,0,0,2,0,1,0,0,0,0,0,0,0,0,0,1
0,0,0,0,131,0.0,255,0,0,0,0,0,0,0,0,0,0,0,0,0,0,1
0,28,0,0,4,0.0,76,3,0,0,0,0,0,0,0,0,0,0,0,0,0,1
0,223,2117,0,10,0.0,255,0,0,0,0,1,0,0,0,0,0,0,0,0,0,0
0,43,130,0,101,0.01,255,0,0,0,0,0,0,0,0,0,0,0,0,0,0,0
0,0,0,0,114,0.0,255,0,0,0,0,0,0,0,0,0,0,0,0,0,0,1
0,168,35215,0,1,0.5,255,0,0,0,0,1,0,0,0,0,0,0,0,0,0,0
0,0,0,0,445,0.0,255,0,0,0,0,0,0,0,0,0,0,0,0,0,0,1
0,303,2239,0,3,0.0,255,0,0,0,0,1,0,0,0,0,0,0,0,0,0,0
0,0,0,0,287,0.0,255,0,0,0,0,0,0,0,0,0,0,0,0,0,0,1
1,24,306,0,3,0.0,225,0,0,0,0,0,0,0,0,0,0,0,0,0,0,1
0,220,1695,0,15,0.0,255,0,0,0,0,1,0,0,0,0,0,0,0,0,0,0
0,0,0,0,1,0.0,3,0,0,0,0,0,0,0,0,0,0,0,0,0,0,0
0,0,0,0,10,0.0,255,0,0,0,0,0,0,0,0,0,0,0,0,0,0,1
0,1861,329,0,1,0.0,144,0,0,0,0,1,0,0,0,0,0,0,0,0,0,0
0,288,210,0,3,0.33,131,0,0,0,0,1,0,0,0,0,0,0,0,0,0,0
0,44,44,0,7,0.17,255,0,0,0,0,0,0,0,0,0,0,0,0,0,0,0
0,0,0,0,108,0.0,255,0,0,0,0,0,0,0,0,0,0,0,0,0,0,1
0,3087,429,0,1,1.0,110,0,0,0,0,1,0,0,0,0,0,0,0,0,0,0
107,0,0,0,1,0.0,255,0,0,0,0,0,0,0,0,0,0,0,0,0,0,0
0,54540,8314,0,2,0.0,255,0,0,2,0,1,1,0,0,0,0,0,0,0,0,0
0,321,2119,0,9,0.0,255,0,0,0,0,1,0,0,0,0,0,0,0,0,0,0
0,0,0,0,85,0.0,255,0,0,0,0,0,0,0,0,0,0,0,0,0,0,1
0,171,1074,0,2,0.0,2,0,0,0,0,1,0,0,0,0,0,0,0,0,0,0
0,305,13119,0,5,0.0,35,0,0,0,0,1,0,0,0,0,0,0,0,0,0,0
0,258,9886,0,1,0.0,71,0,0,0,0,1,0,0,0,0,0,0,0,0,0,0
0,312,301,0,27,0.0,255,0,0,0,0,1,0,0,0,0,0,0,0,0,0,0
0,1,0,0,149,0.0,255,0,0,0,0,0,0,0,0,0,0,0,0,0,0,1
0,1032,0,0,510,0.0,255,0,0,0,0,0,0,0,0,0,0,0,0,0,0,1
0,231,502,0,1,0.0,53,0,0,0,0,1,0,0,0,0,0,0,0,0,0,0
0,0,0,0,149,0.0,255,0,0,0,0,0,0,0,0,0,0,0,0,0,0,1
0,516,4,0,347,0.0,255,0,0,0,0,0,0,0,0,0,0,0,0,0,0,0
0,0,0,0,1,1.0,136,0,0,0,0,0,0,0,0,0,0,0,0,0,0,0
0,205,10044,0,11,0.17,255,0,0,0,0,1,0,0,0,0,0,0,0,0,0,0
0,0,0,0,146,0.0,255,0,0,0,0,0,0,0,0,0,0,0,0,0,0,1
0,0,0,0,244,0.0,255,0,0,0,0,0,0,0,0,0,0,0,0,0,0,1
0,293,2823,0,4,0.0,9,0,0,0,0,1,0,0,0,0,0,0,0,0,0,0
0,817,327,0,1,0.0,124,0,0,0,0,1,0,0,0,0,0,0,0,0,0,0
0,236,9572,0,18,0.09,159,0,0,0,0,1,0,0,0,0,0,0,0,0,0,0
0,226,406,0,5,0.29,255,0,0,0,0,1,0,0,0,0,0,0,0,0,0,0
0,0,0,0,136,0.0,255,0,0,0,0,0,0,0,0,0,0,0,0,0,0,1
0,244,1024,0,24,0.0,255,0,0,0,0,1,0,0,0,0,0,0,0,0,0,0
0,0,0,0,511,0.0,255,0,0,0,0,0,0,0,0,0,0,0,0,0,0,1
0,0,0,0,200,0.0,255,0,0,0,0,0,0,0,0,0,0,0,0,0,0,1
0,2159,327,0,1,1.0,223,0,0,0,0,1,0,0,0,0,0,0,0,0,0,0
0,0,0,0,221,0.0,255,0,0,0,0,0,0,0,0,0,0,0,0,0,0,1
0,0,0,0,247,0.0,255,0,0,0,0,0,0,0,0,0,0,0,0,0,0,1
0,8,0,0,1,1.0,2,0,0,0,0,0,0,0,0,0,0,0,0,0,0,1
0,254,1419,0,1,0.5,94,0,0,0,0,1,0,0,0,0,0,0,0,0,0,0
0,0,0,0,126,0.0,255,0,0,0,0,0,0,0,0,0,0,0,0,0,0,1
0,46,76,0,399,0.0,255,0,0,0,0,0,0,0,0,0,0,0,0,0,0,0
0,0,0,0,209,0.0,255,0,0,0,0,0,0,0,0,0,0,0,0,0,0,1
0,216,1819,0,29,0.0,255,0,0,0,0,1,0,0,0,0,0,0,0,0,0,0
0,0,0,0,228,0.0,255,0,0,0,0,0,0,0,0,0,0,0,0,0,0,1
9,306,2698,0,2,0.0,255,0,0,0,0,1,0,0,0,0,0,0,1,0,0,0
0,42,108,0,1,0.0,69,0,0,0,0,0,0,0,0,0,0,0,0,0,0,0
0,0,0,0,325,0.0,255,0,0,0,0,0,0,0,0,0,0,0,0,0,0,1
0,1,0,0,16,0.0,255,0,0,0,0,0,0,0,0,0,0,0,0,0,0,1
0,225,480,0,24,0.0,255,0,0,0,0,1,0,0,0,0,0,0,0,0,0,0
0,363,1554,0,35,0.0,255,0,0,0,0,1,0,0,0,0,0,0,0,0,0,0
0,252,899,0,3,0.0,13,0,0,0,0,1,0,0,0,0,0,0,0,0,0,0
1,3080,498,0,1,0.0,255,0,0,0,0,1,0,0,0,0,0,0,0,0,0,0
0,2574,338,0,1,0.0,144,0,0,0,0,1,0,0,0,0,0,0,0,0,0,0
0,8,0,0,1,1.0,4,0,0,0,0,0,0,0,0,0,0,0,0,0,0,1
0,285,497,0,1,0.0,1,0,0,0,0,1,0,0,0,0,0,0,0,0,0,0
0,254,2467,0,1,0.0,255,0,0,0,0,1,0,0,0,0,0,0,0,0,0,0
0,0,0,0,1,0.0,255,0,0,0,0,0,0,0,0,0,0,0,0,0,0,1
0,157,11656,0,2,0.0,2,0,0,0,0,1,0,0,0,0,0,0,0,0,0,0
0,0,0,0,192,0.0,255,0,0,0,0,0,0,0,0,0,0,0,0,0,0,1
0,0,0,0,296,0.0,255,0,0,0,0,0,0,0,0,0,0,0,0,0,0,1
0,0,0,0,189,0.0,255,0,0,0,0,0,0,0,0,0,0,0,0,0,0,1
0,319,6534,0,25,0.0,255,0,0,0,0,1,0,0,0,0,0,0,0,0,0,0
0,54540,8314,0,5,0.0,46,0,0,2,0,1,1,0,0,0,0,0,0,0,0,1
0,290,483,0,16,0.0,255,0,0,0,0,1,0,0,0,0,0,0,0,0,0,0
0,520,0,0,348,0.0,255,0,0,0,0,0,0,0,0,0,0,0,0,0,0,1
0,215,421,0,15,0.1,255,0,0,0,0,1,0,0,0,0,0,0,0,0,0,0
0,18,0,0,1,0.0,3,0,0,0,0,0,0,0,0,0,0,0,0,0,0,1
0,334,0,0,1,0.0,9,0,0,0,0,1,0,0,0,0,0,0,0,0,0,1
0,224,1228,0,16,0.13,67,0,0,0,0,1,0,0,0,0,0,0,0,0,0,0
0,1032,0,0,45,0.0,255,0,0,0,0,0,0,0,0,0,0,0,0,0,0,1
0,0,0,0,12,0.0,255,0,0,0,0,0,0,0,0,0,0,0,0,0,0,1
0,306,2239,0,5,0.0,255,0,0,0,0,1,0,0,0,0,0,0,0,0,0,0
0,0,0,0,119,0.0,255,0,0,0,0,0,0,0,0,0,0,0,0,0,0,1
0,45,135,0,76,0.01,185,0,0,0,0,0,0,0,0,0,0,0,0,0,0,0
0,0,0,0,22,0.0,255,0,0,0,0,0,0,0,0,0,0,0,0,0,0,1
0,0,0,0,293,0.0,255,0,0,0,0,0,0,0,0,0,0,0,0,0,0,1
0,243,10155,0,4,0.33,22,0,0,0,0,1,0,0,0,0,0,0,0,0,0,0
0,0,0,0,118,0.0,255,0,0,0,0,0,0,0,0,0,0,0,0,0,0,1
0,231,7648,0,9,0.08,30,0,0,0,0,1,0,0,0,0,0,0,0,0,0,0
0,0,0,0,118,0.0,255,0,0,0,0,0,0,0,0,0,0,0,0,0,0,1
0,0,0,0,118,0.0,255,0,0,0,0,0,0,0,0,0,0,0,0,0,0,1
0,251,4266,0,1,1.0,1,0,0,0,0,1,0,0,0,0,0,0,0,0,0,0
0,30,0,0,1,0.75,66,0,0,0,0,0,0,0,0,0,0,0,0,0,0,0
0,230,1957,0,25,0.0,255,0,0,0,0,1,0,0,0,0,0,0,0,0,0,0
0,229,639,0,32,0.03,32,0,0,0,0,1,0,0,0,0,0,0,0,0,0,0
0,0,0,0,149,0.0,255,0,0,0,0,0,0,0,0,0,0,0,0,0,0,1
0,44,118,0,112,0.0,255,0,0,0,0,0,0,0,0,0,0,0,0,0,0,0
0,54540,8314,0,4,0.43,255,0,0,2,0,1,1,0,0,0,0,0,0,0,0,1
0,170,11015,0,1,0.0,159,0,0,0,0,1,0,0,0,0,0,0,0,0,0,0
21,246,779,1,2,0.0,240,0,0,4,0,1,0,0,0,0,0,0,0,0,0,0
0,8,0,0,1,1.0,1,0,0,0,0,0,0,0,0,0,0,0,0,0,0,1
0,289,13202,0,8,0.0,255,0,0,0,0,1,0,0,0,0,0,0,0,0,0,0
0,0,0,0,122,0.0,255,0,0,0,0,0,0,0,0,0,0,0,0,0,0,1
0,292,396,0,37,0.0,255,0,0,0,0,1,0,0,0,0,0,0,0,0,0,0
0,42,133,0,79,0.01,255,0,0,0,0,0,0,0,0,0,0,0,0,0,0,0
0,323,1646,0,9,0.13,47,0,0,0,0,1,0,0,0,0,0,0,0,0,0,0
0,219,1089,0,7,0.0,255,0,0,0,0,1,0,0,0,0,0,0,0,0,0,0
2,715,333,0,1,1.0,170,0,0,0,0,1,0,0,0,0,0,0,0,0,0,0
0,0,0,0,3,0.0,245,0,0,0,0,0,0,0,0,0,0,0,0,0,0,1
0,0,0,0,135,0.0,255,0,0,0,0,0,0,0,0,0,0,0,0,0,0,1
0,1103,365,0,1,0.0,223,0,0,0,0,1,0,0,0,0,0,0,0,0,0,0
0,0,0,0,197,0.0,255,0,0,0,0,0,0,0,0,0,0,0,0,0,0,1
0,45,72,0,238,0.0,255,0,0,0,0,0,0,0,0,0,0,0,0,0,0,0
1,1727,331,0,1,0.0,159,0,0,0,0,1,0,0,0,0,0,0,0,0,0,0
0,0,0,0,142,0.0,255,0,0,0,0,0,0,0,0,0,0,0,0,0,0,1
0,109,409,0,1,1.0,208,0,0,0,0,1,0,0,0,0,0,0,0,0,0,0
0,54540,8314,0,4,0.25,255,0,0,2,0,1,1,0,0,0,0,0,0,0,0,1
0,54540,8314,0,4,0.0,255,0,0,2,0,1,1,0,0,0,0,0,0,0,0,1
0,1030,0,0,8,0.0,244,0,0,0,0,1,0,0,0,0,0,0,0,0,0,0
5044,5131424,0,0,1,0.0,9,0,0,2,0,1,0,0,0,0,0,0,0,0,0,1
0,8,0,0,1,1.0,2,0,0,0,0,0,0,0,0,0,0,0,0,0,0,1
0,216,808,0,9,0.0,9,0,0,0,0,1,0,0,0,0,0,0,0,0,0,0
0,520,0,0,436,0.0,180,0,0,0,0,0,0,0,0,0,0,0,0,0,0,1
0,314,1108,0,4,0.0,25,0,0,0,0,1,0,0,0,0,0,0,0,0,0,0
0,19,0,0,1,0.0,32,0,0,0,0,1,0,0,0,0,0,0,0,0,0,0
0,1032,0,0,510,0.0,255,0,0,0,0,0,0,0,0,0,0,0,0,0,0,1
0,26,157,1,1,0.0,176,0,0,0,1,0,0,0,0,0,0,0,0,0,0,1
0,18,0,0,1,0.0,1,0,0,0,0,0,0,0,0,0,0,0,0,0,0,1
0,303,1547,0,17,0.0,255,0,0,0,0,1,0,0,0,0,0,0,0,0,0,0
0,11376,0,0,9,0.0,255,0,0,0,0,0,0,0,0,0,0,0,0,0,0,0
0,0,0,0,269,0.0,255,0,0,0,0,0,0,0,0,0,0,0,0,0,0,1
0,46,130,0,80,0.01,255,0,0,0,0,0,0,0,0,0,0,0,0,0,0,0
0,146,7960,0,5,0.0,65,0,0,0,0,1,0,0,0,0,0,0,0,0,0,0
0,659,322,0,1,1.0,35,0,0,0,0,1,0,0,0,0,0,0,0,0,0,0
0,34,0,0,2,0.0,184,0,0,0,0,0,0,0,0,0,0,0,0,0,0,0
0,1032,0,0,200,0.0,255,0,0,0,0,0,0,0,0,0,0,0,0,0,0,1
0,324,369,0,4,0.22,148,0,0,0,0,1,0,0,0,0,0,0,0,0,0,0
0,0,0,0,236,0.0,255,0,0,0,0,0,0,0,0,0,0,0,0,0,0,1
3075,1481,7668,0,1,0.0,255,0,0,0,1,1,6,0,0,0,1,0,0,0,0,0
0,43,137,0,70,0.01,255,0,0,0,0,0,0,0,0,0,0,0,0,0,0,0
0,45,135,0,77,0.01,198,0,0,0,0,0,0,0,0,0,0,0,0,0,0,0
0,210,290,0,18,0.11,255,0,0,0,0,1,0,0,0,0,0,0,0,0,0,0
0,43,126,0,230,0.01,155,0,0,0,0,0,0,0,0,0,0,0,0,0,0,0
0,307,426,0,17,0.0,96,0,0,0,0,1,0,0,0,0,0,0,0,0,0,0
0,199,2337,0,6,0.0,48,0,0,0,0,1,0,0,0,0,0,0,0,0,0,0
0,0,0,0,150,0.0,255,0,0,0,0,0,0,0,0,0,0,0,0,0,0,1
0,312,924,0,12,0.0,255,0,0,0,0,1,0,0,0,0,0,0,0,0,0,0
0,0,0,0,17,0.0,255,0,0,0,0,0,0,0,0,0,0,0,0,0,0,1
0,0,0,0,152,0.0,255,0,0,0,0,0,0,0,0,0,0,0,0,0,0,1
0,0,0,0,130,0.0,255,0,0,0,0,0,0,0,0,0,0,0,0,0,0,1
0,323,306,0,3,0.0,255,0,0,0,0,1,0,0,0,0,0,0,0,0,0,0
0,148,4290,0,1,0.0,61,0,0,0,0,1,0,0,0,0,0,0,0,0,0,0
0,228,19659,0,35,0.0,38,0,0,0,0,1,0,0,0,0,0,0,0,0,0,0
0,0,0,0,172,0.0,255,0,0,0,0,0,0,0,0,0,0,0,0,0,0,1
0,0,0,0,1,0.0,53,0,0,0,0,0,0,0,0,0,0,0,0,0,0,1
0,160,15137,0,3,0.0,15,0,0,0,0,1,0,0,0,0,0,0,0,0,0,0
0,44,44,0,158,0.01,255,0,0,0,0,0,0,0,0,0,0,0,0,0,0,0
0,1113,334,0,1,0.0,129,0,0,0,0,1,0,0,0,0,0,0,1,0,0,0
0,290,12689,0,14,0.0,218,0,0,0,0,1,0,0,0,0,0,0,0,0,0,0
0,233,1413,0,4,0.0,35,0,0,0,0,1,0,0,0,0,0,0,0,0,0,0
0,2836,335,0,1,1.0,25,0,0,0,0,1,0,0,0,0,0,0,0,0,0,0
0,0,0,0,458,0.0,255,0,0,0,0,0,0,0,0,0,0,0,0,0,0,1
0,0,0,0,118,0.0,255,0,0,0,0,0,0,0,0,0,0,0,0,0,0,1
0,0,0,0,268,0.0,255,0,0,0,0,0,0,0,0,0,0,0,0,0,0,1
0,235,757,0,9,0.0,9,0,0,0,0,1,0,0,0,0,0,0,0,0,0,0
0,54540,8314,0,1,1.0,196,0,0,2,0,1,1,0,0,0,0,0,0,0,0,1
0,0,0,0,298,0.0,255,0,0,0,0,0,0,0,0,0,0,0,0,0,0,1
0,223,5858,0,5,0.0,36,0,0,0,0,1,0,0,0,0,0,0,0,0,0,0
0,44,71,0,150,0.01,255,0,0,0,0,0,0,0,0,0,0,0,0,0,0,0
0,0,0,0,142,0.0,255,0,0,0,0,0,0,0,0,0,0,0,0,0,0,1
0,1339,0,0,2,0.0,113,0,0,0,0,1,0,0,0,0,0,0,0,0,0,0
0,191,28864,0,1,0.0,64,0,0,0,0,1,0,0,0,0,0,0,0,0,0,0
0,0,0,0,140,0.0,255,0,0,0,0,0,0,0,0,0,0,0,0,0,0,1
0,219,1109,0,4,0.0,4,0,0,0,0,1,0,0,0,0,0,0,0,0,0,0
0,520,0,0,98,0.0,255,0,0,0,0,0,0,0,0,0,0,0,0,0,0,1
0,0,0,0,186,0.0,255,0,0,0,0,0,0,0,0,0,0,0,0,0,0,1
0,214,1718,0,10,0.15,255,0,0,0,0,1,0,0,0,0,0,0,0,0,0,0
0,0,0,0,132,0.0,255,0,0,0,0,0,0,0,0,0,0,0,0,0,0,1
0,16787,0,0,11,0.0,162,0,0,0,0,1,0,0,0,0,1,0,0,0,0,0
281,158,593,1,1,0.0,255,0,0,2,0,1,0,0,0,0,0,0,0,0,0,1
0,0,0,0,92,0.0,255,0,0,0,0,0,0,0,0,0,0,0,0,0,0,1
0,43,127,0,68,0.02,255,0,0,0,0,0,0,0,0,0,0,0,0,0,0,0
0,0,0,0,253,0.0,255,0,0,0,0,0,0,0,0,0,0,0,0,0,0,1
0,244,406,0,9,0.0,255,0,0,0,0,1,0,0,0,0,0,0,0,0,0,0
0,199,1606,0,11,0.0,31,0,0,0,0,1,0,0,0,0,0,0,0,0,0,0
0,226,2431,0,14,0.0,87,0,0,0,0,1,0,0,0,0,0,0,0,0,0,0
0,217,4327,0,21,0.0,48,0,0,0,0,1,0,0,0,0,0,0,0,0,0,0
0,0,0,0,272,0.0,255,0,0,0,0,0,0,0,0,0,0,0,0,0,0,1
0,290,3142,0,1,1.0,2,0,0,0,0,1,0,0,0,0,0,0,0,0,0,0
0,0,0,0,1,0.0,255,0,0,0,0,0,0,0,0,0,0,0,0,0,0,1
0,0,0,0,1,0.0,255,0,0,0,0,0,0,0,0,0,0,0,0,0,0,1
0,7,222,0,1,0.0,1,0,0,0,0,0,0,0,0,0,0,0,0,0,0,0
0,44,133,0,67,0.01,255,0,0,0,0,0,0,0,0,0,0,0,0,0,0,0
0,208,289,0,9,0.27,255,0,0,0,0,1,0,0,0,0,0,0,0,0,0,0
0,195,11121,0,3,0.0,111,0,0,0,0,1,0,0,0,0,0,0,0,0,0,0
0,311,944,0,2,0.0,18,0,0,0,0,1,0,0,0,0,0,0,0,0,0,0
3,3060,331,0,1,1.0,161,0,0,0,0,1,0,0,0,0,0,0,0,0,0,0
0,0,0,0,296,0.0,255,0,0,0,0,0,0,0,0,0,0,0,0,0,0,1
0,202,595,0,20,0.17,255,0,0,0,0,1,0,0,0,0,0,0,0,0,0,0
0,231,1848,0,1,0.0,173,0,0,0,0,1,0,0,0,0,0,0,0,0,0,0
0,0,0,0,259,0.0,255,0,0,0,0,0,0,0,0,0,0,0,0,0,0,1
0,0,0,0,271,0.0,255,0,0,0,0,0,0,0,0,0,0,0,0,0,0,1
0,232,2265,0,2,0.0,255,0,0,0,0,1,0,0,0,0,0,0,0,0,0,0
0,192,0,0,2,0.0,143,0,0,0,0,0,0,0,0,0,0,0,0,0,0,0
0,399,5454,0,22,0.0,148,0,0,0,0,1,0,0,0,0,0,0,0,0,0,0
0,38874,41699,0,1,0.0,64,0,0,0,0,1,0,0,0,0,0,0,0,0,0,0
0,305,2057,0,45,0.0,255,0,0,0,0,1,0,0,0,0,0,0,0,0,0,0
0,0,0,0,17,0.0,59,0,0,0,0,0,0,0,0,0,0,0,0,0,0,1
0,8,0,0,1,1.0,2,0,0,0,0,0,0,0,0,0,0,0,0,0,0,1
0,227,449,0,26,0.07,255,0,0,0,0,1,0,0,0,0,0,0,0,0,0,0
0,0,0,0,1,0.0,107,0,0,0,0,0,0,0,0,0,0,0,0,0,0,1
0,328,10613,0,2,0.0,21,0,0,0,0,1,0,0,0,0,0,0,0,0,0,0
0,305,2731,0,5,0.0,5,0,0,0,0,1,0,0,0,0,0,0,0,0,0,0
0,501760,0,0,2,0.0,64,0,0,0,0,1,0,0,0,0,0,0,0,0,0,0
0,1032,0,0,114,0.0,255,0,0,0,0,0,0,0,0,0,0,0,0,0,0,1
0,313,255,0,18,0.0,255,0,0,0,0,1,0,0,0,0,0,0,0,0,0,0
0,0,0,0,49,0.0,255,0,0,0,0,0,0,0,0,0,0,0,0,0,0,1
0,316,1133,0,10,0.0,255,0,0,0,0,1,0,0,0,0,0,0,0,0,0,0
0,0,0,0,5,0.5,255,0,0,0,0,0,0,0,0,0,0,0,0,0,0,1
0,43,80,0,27,0.1,255,0,0,0,0,0,0,0,0,0,0,0,0,0,0,0
0,42,0,0,5,0.0,255,0,0,0,0,0,0,0,0,0,0,0,0,0,0,1
0,0,0,0,73,0.0,255,0,0,0,0,0,0,0,0,0,0,0,0,0,0,1
0,201,11224,0,19,0.1,105,0,0,0,0,1,0,0,0,0,0,0,0,0,0,0
0,105,146,0,1,0.0,176,0,0,0,0,0,0,0,0,0,0,0,0,0,0,0
0,291,1792,0,6,0.12,255,0,0,0,0,1,0,0,0,0,0,0,0,0,0,0
0,587,282,0,1,0.0,123,0,0,0,0,1,0,0,0,0,0,0,0,0,0,0
0,175,2866,0,6,0.0,9,0,0,0,0,1,0,0,0,0,0,0,0,0,0,0
0,43,130,0,103,0.01,255,0,0,0,0,0,0,0,0,0,0,0,0,0,0,0
0,0,0,0,1,1.0,2,0,0,0,0,0,0,0,0,0,0,0,0,0,0,0
0,334,0,0,1,0.0,8,0,0,0,0,1,0,0,0,0,0,0,0,0,0,1
0,198,10462,0,4,0.11,89,0,0,0,0,1,0,0,0,0,0,0,0,0,0,0
0,198,279,0,1,1.0,47,0,0,0,0,1,0,0,0,0,0,0,0,0,0,0
0,0,0,0,109,0.0,255,0,0,0,0,0,0,0,0,0,0,0,0,0,0,1
0,188,409,0,3,0.0,57,0,0,0,0,1,0,0,0,0,0,0,0,0,0,0
0,0,0,0,205,0.0,255,0,0,0,0,0,0,0,0,0,0,0,0,0,0,1
0,256,448,0,22,0.07,255,0,0,0,0,1,0,0,0,0,0,0,0,0,0,0
7,2007160,28824,0,1,0.0,55,0,0,0,0,1,0,0,0,0,0,0,0,0,0,0
0,293,657,0,30,0.0,30,0,0,0,0,1,0,0,0,0,0,0,0,0,0,0
0,0,0,0,282,0.0,255,0,0,0,0,0,0,0,0,0,0,0,0,0,0,1
0,263,2039,0,20,0.08,126,0,0,0,0,1,0,0,0,0,0,0,0,0,0,0
0,0,0,0,114,0.0,255,0,0,0,0,0,0,0,0,0,0,0,0,0,0,1
0,78,0,0,25,0.0,255,0,0,0,0,0,0,0,0,0,0,0,0,0,0,0
0,18,0,0,1,0.0,4,0,0,0,0,0,0,0,0,0,0,0,0,0,0,1
0,207,0,0,2,0.0,222,0,0,0,0,0,0,0,0,0,0,0,0,0,0,1
3,693,337,0,1,0.0,69,0,0,0,0,1,0,0,0,0,0,0,0,0,0,0
0,1436,279,0,1,0.0,143,0,0,0,0,1,0,0,0,0,0,0,0,0,0,0
0,201,290,0,14,0.0,255,0,0,0,0,1,0,0,0,0,0,0,0,0,0,0
0,0,0,0,232,0.0,255,0,0,0,0,0,0,0,0,0,0,0,0,0,0,1
0,207,0,0,2,0.0,246,0,0,0,0,0,0,0,0,0,0,0,0,0,0,1
0,331,1650,0,7,0.13,212,0,0,0,0,1,0,0,0,0,0,0,0,0,0,0
0,295,2247,0,5,0.0,5,0,0,1,0,1,1,0,0,0,0,0,0,0,0,0
0,0,0,0,120,0.0,123,0,0,0,0,0,0,0,0,0,0,0,0,0,0,1
0,305,0,0,2,0.0,39,0,0,0,0,1,0,0,0,2,0,0,0,0,0,0
0,0,0,0,175,0.0,255,0,0,0,0,0,0,0,0,0,0,0,0,0,0,1
3530,1,0,0,2,0.0,255,0,0,0,0,0,0,0,0,0,0,0,0,0,0,1
0,54540,8314,0,3,0.0,46,0,0,2,0,1,1,0,0,0,0,0,0,0,0,1
0,0,0,0,252,0.0,255,0,0,0,0,0,0,0,0,0,0,0,0,0,0,1
0,44,131,0,67,0.01,255,0,0,0,0,0,0,0,0,0,0,0,0,0,0,0
0,243,266,0,3,0.0,26,0,0,0,0,1,0,0,0,0,0,0,0,0,0,0
0,321,1674,0,4,0.22,255,0,0,0,0,1,0,0,0,0,0,0,0,0,0,0
0,0,0,0,232,0.0,255,0,0,0,0,0,0,0,0,0,0,0,0,0,0,1
0,305,1380,0,3,0.0,255,0,0,0,0,1,0,0,0,0,0,0,0,0,0,0
0,0,0,0,189,0.0,35,0,0,0,0,0,0,0,0,0,0,0,0,0,0,1
0,0,0,0,196,0.0,255,0,0,0,0,0,0,0,0,0,0,0,0,0,0,1
0,45,90,0,304,0.0,255,0,0,0,0,0,0,0,0,0,0,0,0,0,0,0
35,1200,3380,1,1,0.0,174,0,0,24,0,1,0,0,0,0,0,0,0,0,0,0
0,316,1461,0,2,0.0,165,0,0,0,0,1,0,0,0,0,0,0,0,0,0,0
0,0,0,0,144,0.0,255,0,0,0,0,0,0,0,0,0,0,0,0,0,0,1
0,0,0,0,223,0.0,255,0,0,0,0,0,0,0,0,0,0,0,0,0,0,1
0,0,0,0,262,0.0,255,0,0,0,0,0,0,0,0,0,0,0,0,0,0,1
0,227,5299,0,17,0.0,212,0,0,0,0,1,0,0,0,0,0,0,0,0,0,0
0,1699,0,0,4,0.0,255,0,0,0,0,0,0,0,0,0,0,0,0,0,0,0
1,739,327,0,1,1.0,199,0,0,0,0,1,0,0,0,0,0,0,0,0,0,0
0,0,0,0,231,0.0,255,0,0,0,0,0,0,0,0,0,0,0,0,0,0,1
0,76,43,0,130,0.0,255,0,0,0,0,0,0,0,0,0,0,0,0,0,0,0
0,8,0,0,1,1.0,4,0,0,0,0,0,0,0,0,0,0,0,0,0,0,1
0,0,0,0,9,0.0,255,0,0,0,0,0,0,0,0,0,0,0,0,0,0,1
0,1489,475,0,1,0.0,238,0,0,0,0,1,0,0,0,0,0,0,0,0,0,0
0,0,0,0,281,0.0,255,0,0,0,0,0,0,0,0,0,0,0,0,0,0,1
0,324,369,0,8,0.22,8,0,0,0,0,1,0,0,0,0,0,0,0,0,0,0
0,0,0,0,224,0.0,255,0,0,0,0,0,0,0,0,0,0,0,0,0,0,1
0,3134,327,0,2,0.0,255,0,0,0,0,1,0,0,0,0,0,0,0,0,0,0
0,286,1423,0,12,0.21,255,0,0,0,0,1,0,0,0,0,0,0,0,0,0,0
0,0,0,0,285,0.0,255,0,0,0,0,0,0,0,0,0,0,0,0,0,0,1
0,0,0,0,83,0.0,255,0,0,0,0,0,0,0,0,0,0,0,0,0,0,1
0,229,1472,0,10,0.0,46,0,0,0,0,1,0,0,0,0,0,0,0,0,0,0
0,30,0,0,8,0.0,255,0,0,0,0,0,0,0,0,0,0,0,0,0,0,0
0,0,0,0,109,0.0,255,0,0,0,0,0,0,0,0,0,0,0,0,0,0,1
0,0,0,0,241,0.0,255,0,0,0,0,0,0,0,0,0,0,0,0,0,0,1
0,0,0,0,103,0.0,255,0,0,0,0,0,0,0,0,0,0,0,0,0,0,1
0,43,43,0,178,0.01,255,0,0,0,0,0,0,0,0,0,0,0,0,0,0,0
0,0,0,0,135,0.0,255,0,0,0,0,0,0,0,0,0,0,0,0,0,0,1
0,105,147,0,10,0.0,255,0,0,0,0,0,0,0,0,0,0,0,0,0,0,0
0,1032,0,0,511,0.0,255,0,0,0,0,0,0,0,0,0,0,0,0,0,0,1
0,200,296,0,17,0.14,255,0,0,0,0,1,0,0,0,0,0,0,0,0,0,0
0,233,643,0,5,0.12,255,0,0,0,0,1,0,0,0,0,0,0,0,0,0,0
0,0,0,0,2,0.0,130,0,0,0,0,0,0,0,0,0,0,0,0,0,0,0
0,186,6903,0,1,0.0,11,0,0,0,0,1,0,0,0,0,0,0,0,0,0,0
0,0,0,0,141,0.0,255,0,0,0,0,0,0,0,0,0,0,0,0,0,0,1
0,0,0,0,120,0.0,255,0,0,0,0,0,0,0,0,0,0,0,0,0,0,1
0,20,0,0,1,1.0,2,0,0,0,0,0,0,0,0,0,0,0,0,0,0,1
0,146,0,0,1,0.0,255,0,0,0,0,0,0,0,0,0,0,0,0,0,0,0
0,12,0,0,1,0.0,99,0,0,0,0,1,0,0,0,0,0,0,0,0,0,0
0,261,5848,0,1,0.15,69,0,0,0,0,1,0,0,0,0,0,0,0,0,0,0
10,182,34030,0,1,0.0,255,0,0,2,0,1,0,0,0,0,0,0,0,0,0,0
0,0,0,0,1,1.0,8,0,0,0,0,0,0,0,0,0,0,0,0,0,0,0
902,35,0,0,35,0.0,255,0,0,0,0,1,0,0,0,0,0,0,0,0,0,1
0,232,3550,0,31,0.0,255,0,0,0,0,1,0,0,0,0,0,0,0,0,0,0
0,36,0,0,1,0.0,124,0,0,0,0,0,0,0,0,0,0,0,0,0,0,0
0,180,1709,0,1,0.0,12,0,0,0,0,1,0,0,0,0,0,0,0,0,0,0
0,0,0,0,67,0.0,255,0,0,0,0,0,0,0,0,0,0,0,0,0,0,1
0,1480,0,0,7,0.0,255,1,0,0,0,0,0,0,0,0,0,0,0,0,0,1
32,117,11796,0,1,0.0,150,0,0,0,0,1,5,0,0,0,0,0,0,0,0,0
0,322,1789,0,14,0.0,32,0,0,0,0,1,0,0,0,0,0,0,0,0,0,0
0,211,11620,0,29,0.07,255,0,0,0,0,1,0,0,0,0,0,0,0,0,0,0
0,0,0,0,178,0.0,255,0,0,0,0,0,0,0,0,0,0,0,0,0,0,1
0,0,0,0,240,0.0,255,0,0,0,0,0,0,0,0,0,0,0,0,0,0,1
0,0,0,0,132,0.0,255,0,0,0,0,0,0,0,0,0,0,0,0,0,0,1
0,46,135,0,66,0.01,255,0,0,0,0,0,0,0,0,0,0,0,0,0,0,0
0,18,0,0,1,0.0,1,0,0,0,0,0,0,0,0,0,0,0,0,0,0,1
0,339,1438,0,8,0.0,46,0,0,0,0,1,0,0,0,0,0,0,0,0,0,0
0,372,527,0,1,0.0,255,0,0,0,0,1,0,0,0,0,0,0,0,0,0,0
0,0,0,0,124,0.0,248,0,0,0,0,0,0,0,0,0,0,0,0,0,0,1
0,47,0,0,5,0.0,255,0,0,0,0,0,0,0,0,0,0,0,0,0,0,1
0,1,0,0,13,0.0,255,0,0,0,0,0,0,0,0,0,0,0,0,0,0,1
0,0,0,0,1,0.0,255,0,0,0,0,0,0,0,0,0,0,0,0,0,0,1
0,0,0,0,280,0.0,255,0,0,0,0,0,0,0,0,0,0,0,0,0,0,1
0,236,1973,0,4,0.0,255,0,0,0,0,1,0,0,0,0,0,0,0,0,0,0
7605,0,44,0,1,0.71,255,0,0,0,0,0,0,0,0,0,0,0,0,0,0,1
0,0,0,0,1,1.0,1,0,0,0,0,0,0,0,0,0,0,0,0,0,0,0
0,0,0,0,245,0.0,255,0,0,0,0,0,0,0,0,0,0,0,0,0,0,1
0,1288,370,0,1,0.0,30,0,0,0,0,1,0,0,0,0,0,0,0,0,0,0
0,1485,385,0,1,0.0,255,0,0,0,0,1,0,0,0,0,0,0,0,0,0,0
0,8766,0,0,6,0.0,12,0,0,0,0,1,0,0,0,0,0,0,0,0,0,0
0,0,0,0,174,0.0,255,0,0,0,0,0,0,0,0,0,0,0,0,0,0,1
0,105,145,0,4,0.0,255,0,0,0,0,0,0,0,0,0,0,0,0,0,0,0
0,305,3008,0,7,0.0,198,0,0,0,0,1,0,0,0,0,0,0,0,0,0,0
0,105,145,0,1,0.0,255,0,0,0,0,0,0,0,0,0,0,0,0,0,0,0
0,0,0,0,229,0.0,255,0,0,0,0,0,0,0,0,0,0,0,0,0,0,1
0,1008,0,0,381,0.0,255,0,0,0,0,0,0,0,0,0,0,0,0,0,0,1
0,0,0,0,238,0.0,255,0,0,0,0,0,0,0,0,0,0,0,0,0,0,1
0,0,0,0,261,0.0,255,0,0,0,0,0,0,0,0,0,0,0,0,0,0,1
0,348,770,0,20,0.0,110,0,0,0,0,1,0,0,0,0,0,0,0,0,0,0
0,2560,334,0,1,0.0,18,0,0,0,0,1,0,0,0,0,0,0,0,0,0,0
0,711,328,0,1,0.0,255,0,0,0,0,1,0,0,0,0,0,0,0,0,0,0
0,0,0,0,204,0.0,255,0,0,0,0,0,0,0,0,0,0,0,0,0,0,1
0,0,0,0,1,0.67,16,0,0,0,0,0,0,0,0,0,0,0,0,0,0,0
0,312,4215,0,11,0.17,255,0,0,0,0,1,0,0,0,0,0,0,0,0,0,0
33,1461,4152,1,1,0.0,255,0,0,30,0,1,0,0,0,0,0,0,0,0,0,0
0,313,25519,0,2,0.0,128,0,0,0,0,1,0,0,0,0,0,0,0,0,0,0
0,314,1454,0,3,0.12,186,0,0,0,0,1,0,0,0,0,0,0,0,0,0,0
0,260,4021,0,20,0.1,255,0,0,0,0,1,0,0,0,0,0,0,0,0,0,0
0,298,13038,0,2,0.0,118,0,0,0,0,1,0,0,0,0,0,0,0,0,0,0
0,309,758,0,3,0.22,102,0,0,0,0,1,0,0,0,0,0,0,0,0,0,0
0,373,0,0,1,0.0,33,0,0,0,0,1,0,0,0,0,0,0,0,0,0,0
2065,56504,0,0,8,0.0,255,0,0,0,0,1,0,0,0,0,0,0,0,0,0,1
0,40494,0,0,9,0.0,30,0,0,0,0,1,0,0,0,0,0,0,0,0,0,0
0,0,0,0,23,0.0,255,0,0,0,0,0,0,0,0,0,0,0,0,0,0,1
0,0,0,0,391,0.0,255,0,0,0,0,0,0,0,0,0,0,0,0,0,0,1
38870,1,0,0,2,0.0,255,0,0,0,0,0,0,0,0,0,0,0,0,0,0,1
0,44,126,0,66,0.01,255,0,0,0,0,0,0,0,0,0,0,0,0,0,0,0
0,100,0,0,2,0.0,181,0,0,0,0,0,0,0,0,0,0,0,0,0,0,1
0,28,0,0,28,0.0,100,3,0,0,0,0,0,0,0,0,0,0,0,0,0,1
0,290,3084,0,2,0.0,111,0,0,0,0,1,0,0,0,0,0,0,0,0,0,0
0,0,0,0,258,0.0,255,0,0,0,0,0,0,0,0,0,0,0,0,0,0,1
0,0,0,0,138,0.0,255,0,0,0,0,0,0,0,0,0,0,0,0,0,0,1
0,0,0,0,290,0.0,255,0,0,0,0,0,0,0,0,0,0,0,0,0,0,1
0,246,3887,0,2,0.0,65,0,0,0,0,1,0,0,0,0,0,0,0,0,0,0
0,44,44,0,150,0.01,255,0,0,0,0,0,0,0,0,0,0,0,0,0,0,0
0,54540,8314,0,4,0.0,255,0,0,2,0,1,1,0,0,0,0,0,0,0,0,1
0,260,419,0,1,0.33,4,0,0,0,0,1,0,0,0,0,0,0,0,0,0,0
0,210,2620,0,15,0.0,255,0,0,0,0,1,0,0,0,0,0,0,0,0,0,0
0,0,0,0,144,0.0,255,0,0,0,0,0,0,0,0,0,0,0,0,0,0,1
19752,147,105,0,1,0.0,255,0,0,0,0,0,0,0,0,0,0,0,0,0,0,0
11,1562,332,0,1,0.0,53,0,0,0,0,1,0,0,0,0,0,0,0,0,0,0
0,9,222,0,1,0.0,155,0,0,0,0,0,0,0,0,0,0,0,0,0,0,0
0,0,0,0,212,0.0,255,0,0,0,0,0,0,0,0,0,0,0,0,0,0,1
3,32,93,0,1,0.0,255,0,0,0,0,1,0,0,0,0,0,0,0,0,0,1
2,2895,332,0,1,1.0,118,0,0,0,0,1,0,0,0,0,0,0,0,0,0,0
29,94,34,0,5,0.33,64,0,0,0,0,0,0,0,0,0,0,0,0,0,0,0
0,153,35215,0,1,0.0,71,0,0,0,0,1,0,0,0,0,0,0,0,0,0,0
0,159,3449,0,1,0.0,1,0,0,0,0,1,0,0,0,0,0,0,0,0,0,0
1,2599,293,0,3,0.0,255,0,0,0,0,1,0,0,0,0,0,0,0,0,0,1
0,0,0,0,121,0.0,255,0,0,0,0,0,0,0,0,0,0,0,0,0,0,1
0,0,0,0,32,0.0,255,0,0,0,0,0,0,0,0,0,0,0,0,0,0,1
0,0,0,0,276,0.0,255,0,0,0,0,0,0,0,0,0,0,0,0,0,0,1
0,158,438,0,1,0.0,1,0,0,0,0,1,0,0,0,0,0,0,0,0,0,0
0,0,0,0,346,0.0,255,0,0,0,0,0,0,0,0,0,0,0,0,0,0,1
0,0,0,0,201,0.0,255,0,0,0,0,0,0,0,0,0,0,0,0,0,0,1
0,0,0,0,165,0.0,255,0,0,0,0,0,0,0,0,0,0,0,0,0,0,1
0,248,801,0,10,0.18,255,0,0,0,0,1,0,0,0,0,0,0,0,0,0,0
0,0,0,0,1,0.0,19,0,0,0,0,0,0,0,0,0,0,0,0,0,0,0
0,324,4458,0,31,0.0,86,0,0,0,0,1,0,0,0,0,0,0,0,0,0,0
7,105,146,0,2,0.0,255,0,0,0,0,0,0,0,0,0,0,0,0,0,0,0
0,188,791,0,2,0.5,2,0,0,0,0,1,0,0,0,0,0,0,0,0,0,0
0,305,2239,0,5,0.0,255,0,0,0,0,1,0,0,0,0,0,0,0,0,0,0
0,212,12471,0,6,0.1,255,0,0,0,0,1,0,0,0,0,0,0,0,0,0,0
0,8,0,0,1,1.0,2,0,0,0,0,0,0,0,0,0,0,0,0,0,0,1
0,126,188,0,1,0.0,255,0,0,0,1,0,0,0,0,0,0,0,0,0,0,1
0,0,0,0,191,0.0,255,0,0,0,0,0,0,0,0,0,0,0,0,0,0,1
0,0,0,0,32,0.0,114,0,0,0,0,0,0,0,0,0,0,0,0,0,0,1
0,1032,0,0,511,0.0,255,0,0,0,0,0,0,0,0,0,0,0,0,0,0,1
0,0,0,0,240,0.0,255,0,0,0,0,0,0,0,0,0,0,0,0,0,0,1
0,201,2968,0,1,1.0,1,0,0,0,0,1,0,0,0,0,0,0,0,0,0,0
0,244,515,0,22,0.11,255,0,0,0,0,1,0,0,0,0,0,0,0,0,0,0
0,210,983,0,4,0.0,255,0,0,0,0,1,0,0,0,0,0,0,0,0,0,0
4,838,326,0,1,0.0,72,0,0,0,0,1,0,0,0,0,0,0,0,0,0,0
0,0,0,0,109,0.0,255,0,0,0,0,0,0,0,0,0,0,0,0,0,0,1
0,0,0,0,274,0.0,255,0,0,0,0,0,0,0,0,0,0,0,0,0,0,1
0,44,132,0,67,0.01,255,0,0,0,0,0,0,0,0,0,0,0,0,0,0,0
13,0,0,0,1,0.0,255,0,0,0,0,0,0,0,0,0,0,0,0,0,0,1
0,46,46,0,270,0.0,255,0,0,0,0,0,0,0,0,0,0,0,0,0,0,0
0,44,127,0,72,0.01,255,0,0,0,0,0,0,0,0,0,0,0,0,0,0,0
31,227,189,0,23,0.08,255,0,0,0,0,1,0,0,0,0,0,0,0,0,0,0
0,0,0,0,148,0.0,255,0,0,0,0,0,0,0,0,0,0,0,0,0,0,1
0,0,0,0,24,0.0,255,0,0,0,0,0,0,0,0,0,0,0,0,0,0,1
0,78,0,0,22,0.33,255,0,0,0,0,0,0,0,0,0,0,0,0,0,0,0
0,0,0,0,108,0.0,255,0,0,0,0,0,0,0,0,0,0,0,0,0,0,1
0,216,530,0,9,0.07,9,0,0,0,0,1,0,0,0,0,0,0,0,0,0,0
0,28,0,0,83,0.0,255,3,0,0,0,0,0,0,0,0,0,0,0,0,0,1
0,0,0,0,227,0.0,255,0,0,0,0,0,0,0,0,0,0,0,0,0,0,1
0,230,857,0,29,0.0,72,0,0,0,0,1,0,0,0,0,0,0,0,0,0,0
0,0,0,0,201,0.0,255,0,0,0,0,0,0,0,0,0,0,0,0,0,0,1
0,0,0,0,299,0.0,255,0,0,0,0,0,0,0,0,0,0,0,0,0,0,1
0,290,54675,0,3,0.0,23,0,0,0,0,1,0,0,0,0,0,0,0,0,0,0
0,1,0,0,6,0.0,255,0,0,0,0,0,0,0,0,0,0,0,0,0,0,1
0,209,1436,0,1,0.0,1,0,0,0,0,1,0,0,0,0,0,0,0,0,0,0
0,0,0,0,239,0.0,255,0,0,0,0,0,0,0,0,0,0,0,0,0,0,1
0,48,0,0,5,0.0,255,0,0,0,0,0,0,0,0,0,0,0,0,0,0,1
0,0,0,0,247,0.0,255,0,0,0,0,0,0,0,0,0,0,0,0,0,0,1
0,0,0,0,264,0.06,255,0,0,0,0,0,0,0,0,0,0,0,0,0,0,1
0,0,0,0,128,0.0,255,0,0,0,0,0,0,0,0,0,0,0,0,0,0,1
0,0,0,0,87,0.0,255,0,0,0,0,0,0,0,0,0,0,0,0,0,0,1
0,864,333,0,1,1.0,34,0,0,0,0,1,0,0,0,0,0,0,0,0,0,0
0,0,0,0,1,0.0,5,0,0,0,0,0,0,0,0,0,0,0,0,0,0,0
0,45908,7300,0,2,0.0,2,0,0,1,0,1,0,0,0,0,0,0,0,0,0,1
0,1008,0,0,400,0.0,255,0,0,0,0,0,0,0,0,0,0,0,0,0,0,1
0,323,3805,0,8,0.0,8,0,0,0,0,1,0,0,0,0,0,0,0,0,0,0
0,0,0,0,257,0.0,255,0,0,0,0,0,0,0,0,0,0,0,0,0,0,1
0,0,0,0,276,0.0,255,0,0,0,0,0,0,0,0,0,0,0,0,0,0,1
0,0,0,0,203,0.0,255,0,0,0,0,0,0,0,0,0,0,0,0,0,0,1
0,520,0,0,446,0.0,149,0,0,0,0,0,0,0,0,0,0,0,0,0,0,1
1,2599,293,0,3,0.0,255,0,0,0,0,1,0,0,0,0,0,0,0,0,0,1
1,2032,328,0,1,1.0,62,0,0,0,0,1,0,0,0,0,0,0,0,0,0,0
0,12,0,0,2,0.0,10,0,0,0,0,1,0,0,0,0,0,0,0,0,0,0
280,283618,0,0,2,0.5,2,0,0,0,0,0,0,0,0,0,0,0,0,0,0,1
0,6,138,0,2,0.0,193,0,0,0,0,0,0,0,0,0,0,0,0,0,0,0
0,229,2545,0,4,0.29,255,0,0,0,0,1,0,0,0,0,0,0,0,0,0,0
0,226,11573,0,28,0.0,157,0,0,0,0,1,0,0,0,0,0,0,0,0,0,0
0,195,4668,0,5,0.0,5,0,0,0,0,1,0,0,0,0,0,0,0,0,0,0
0,0,0,0,144,0.0,255,0,0,0,0,0,0,0,0,0,0,0,0,0,0,1
0,0,0,0,140,0.0,255,0,0,0,0,0,0,0,0,0,0,0,0,0,0,1
0,246,1718,0,1,0.0,255,0,0,0,0,1,0,0,0,0,0,0,0,0,0,0
0,207,8226,0,7,0.0,71,0,0,0,0,1,0,0,0,0,0,0,0,0,0,0
0,297,835,0,19,0.12,255,0,0,0,0,1,0,0,0,0,0,0,0,0,0,0
0,0,0,0,220,0.0,255,0,0,0,0,0,0,0,0,0,0,0,0,0,0,1
0,1008,0,0,503,0.0,255,0,0,0,0,0,0,0,0,0,0,0,0,0,0,1
0,44,44,0,130,0.01,255,0,0,0,0,0,0,0,0,0,0,0,0,0,0,0
29,42,42,0,4,0.25,255,0,0,0,0,0,0,0,0,0,0,0,0,0,0,0
0,78,0,0,43,0.0,255,0,0,0,0,0,0,0,0,0,0,0,0,0,0,0
0,105,147,0,3,0.0,255,0,0,0,0,0,0,0,0,0,0,0,0,0,0,0
0,303,8611,0,2,0.07,137,0,0,0,0,1,0,0,0,0,0,0,0,0,0,0
2,84,18,0,1,0.0,69,0,0,0,0,1,0,0,0,0,0,0,0,0,0,0
0,0,0,0,191,0.0,255,0,0,0,0,0,0,0,0,0,0,0,0,0,0,1
0,0,0,0,208,0.0,255,0,0,0,0,0,0,0,0,0,0,0,0,0,0,1
280,283618,0,0,2,0.0,6,0,0,2,0,0,0,0,0,0,0,0,0,0,0,1
0,54540,8314,0,4,0.05,255,0,0,2,0,1,1,0,0,0,0,0,0,0,0,1
0,0,0,0,149,0.0,255,0,0,0,0,0,0,0,0,0,0,0,0,0,0,1
0,322,396,0,40,0.07,40,0,0,0,0,1,0,0,0,0,0,0,0,0,0,0
0,0,0,0,20,0.0,255,0,0,0,0,0,0,0,0,0,0,0,0,0,0,1
0,174,8282,0,1,0.0,255,0,0,0,0,1,0,0,0,0,0,0,0,0,0,0
0,921,366,0,1,1.0,202,0,0,0,0,1,0,0,0,0,0,0,0,0,0,0
0,43,132,0,148,0.01,255,0,0,0,0,0,0,0,0,0,0,0,0,0,0,0
0,0,0,0,481,0.0,255,0,0,0,0,0,0,0,0,0,0,0,0,0,0,1
0,0,0,0,115,0.0,255,0,0,0,0,0,0,0,0,0,0,0,0,0,0,1
0,1455,507,0,1,0.0,156,0,0,0,0,1,0,0,0,0,0,0,0,0,0,0
5,28,93,0,1,0.0,116,0,0,0,0,1,0,0,0,0,0,0,0,0,0,1
0,43,79,0,232,0.0,255,0,0,0,0,0,0,0,0,0,0,0,0,0,0,0
0,0,0,0,300,0.0,255,0,0,0,0,0,0,0,0,0,0,0,0,0,0,1
0,241,2971,0,13,0.13,255,0,0,0,0,1,0,0,0,0,0,0,0,0,0,0
0,1032,0,0,511,0.0,255,0,0,0,0,0,0,0,0,0,0,0,0,0,0,1
0,0,0,0,179,0.0,255,0,0,0,0,0,0,0,0,0,0,0,0,0,0,1
0,0,0,0,511,0.0,255,0,0,0,0,0,0,0,0,0,0,0,0,0,0,1
0,0,0,0,1,0.0,25,0,0,0,0,0,0,0,0,0,0,0,0,0,0,0
0,46,46,0,202,0.0,255,0,0,0,0,0,0,0,0,0,0,0,0,0,0,0
6143,147,105,0,1,0.0,255,0,0,0,0,0,0,0,0,0,0,0,0,0,0,0
0,44,85,0,69,0.01,255,0,0,0,0,0,0,0,0,0,0,0,0,0,0,0
0,215,382,0,4,0.0,175,0,0,0,0,1,0,0,0,0,0,0,0,0,0,0
0,59,0,0,1,0.0,196,0,0,0,0,1,0,0,0,0,0,0,0,0,0,0
0,0,0,0,269,0.0,255,0,0,0,0,0,0,0,0,0,0,0,0,0,0,1
0,0,0,0,18,0.0,255,0,0,0,0,0,0,0,0,0,0,0,0,0,0,1
0,256,2148,0,3,0.0,255,0,0,0,0,1,0,0,0,0,0,0,0,0,0,0
0,0,0,0,195,0.0,255,0,0,0,0,0,0,0,0,0,0,0,0,0,0,1
0,0,0,0,207,0.0,255,0,0,0,0,0,0,0,0,0,0,0,0,0,0,1
0,0,0,0,209,0.0,255,0,0,0,0,0,0,0,0,0,0,0,0,0,0,1
0,0,0,0,32,0.0,255,0,0,0,0,0,0,0,0,0,0,0,0,0,0,1
0,234,11911,0,3,0.0,3,0,0,0,0,1,0,0,0,0,0,0,0,0,0,0
14238,1,0,0,2,0.0,255,0,0,0,0,0,0,0,0,0,0,0,0,0,0,1
0,0,0,0,65,0.0,255,0,0,0,0,0,0,0,0,0,0,0,0,0,0,1
0,0,0,0,272,0.0,255,0,0,0,0,0,0,0,0,0,0,0,0,0,0,1
7689,0,44,0,1,0.0,255,0,0,0,0,0,0,0,0,0,0,0,0,0,0,1
0,0,0,0,105,0.0,255,0,0,0,0,0,0,0,0,0,0,0,0,0,0,1
0,220,370,0,7,0.0,255,0,0,0,0,1,0,0,0,0,0,0,0,0,0,0
282,162,597,1,1,0.0,255,0,0,2,0,1,0,0,0,0,0,0,0,0,0,1
0,201,458,0,35,0.11,255,0,0,0,0,1,0,0,0,0,0,0,0,0,0,0
0,209,2640,0,7,0.25,29,0,0,0,0,1,0,0,0,0,0,0,0,0,0,0
1774,147,105,0,2,0.0,255,0,0,0,0,0,0,0,0,0,0,0,0,0,0,0
0,0,0,0,495,0.0,255,0,0,0,0,0,0,0,0,0,0,0,0,0,0,1
0,0,0,0,174,0.0,255,0,0,0,0,0,0,0,0,0,0,0,0,0,0,1
0,0,1195,0,13,0.0,46,0,0,0,0,0,0,0,0,0,0,0,0,0,0,0
0,1032,0,0,91,0.0,255,0,0,0,0,0,0,0,0,0,0,0,0,0,0,1
0,240,434,0,10,0.18,255,0,0,0,0,1,0,0,0,0,0,0,0,0,0,0
0,1862,331,0,1,0.0,104,0,0,0,0,1,0,0,0,0,0,0,0,0,0,0
0,0,0,0,115,0.0,255,0,0,0,0,0,0,0,0,0,0,0,0,0,0,1
0,221,1011,0,4,0.0,236,0,0,0,0,1,0,0,0,0,0,0,0,0,0,0
0,0,0,0,266,0.0,255,0,0,0,0,0,0,0,0,0,0,0,0,0,0,1
0,0,0,0,2,0.0,255,0,0,0,0,0,0,0,0,0,0,0,0,0,0,1
0,219,5169,0,6,0.21,6,0,0,0,0,1,0,0,0,0,0,0,0,0,0,0
0,0,0,0,1,0.0,5,0,0,0,0,0,0,0,0,0,0,0,0,0,0,0
0,216,2014,0,9,0.18,25,0,0,0,0,1,0,0,0,0,0,0,0,0,0,0
0,41,128,0,70,0.01,255,0,0,0,0,0,0,0,0,0,0,0,0,0,0,0
0,0,0,0,214,0.0,249,0,0,0,0,0,0,0,0,0,0,0,0,0,0,1
0,28,0,0,166,0.0,255,3,0,0,0,0,0,0,0,0,0,0,0,0,0,1
0,323,1511,0,10,0.0,255,0,0,0,0,1,0,0,0,0,0,0,0,0,0,0
0,0,0,0,135,0.0,255,0,0,0,0,0,0,0,0,0,0,0,0,0,0,1
0,0,0,0,199,0.0,255,0,0,0,0,0,0,0,0,0,0,0,0,0,0,1
0,0,0,0,273,0.0,255,0,0,0,0,0,0,0,0,0,0,0,0,0,0,1
0,231,609,0,37,0.0,255,0,0,0,0,1,0,0,0,0,0,0,0,0,0,0
0,202,1575,0,16,0.12,63,0,0,0,0,1,0,0,0,0,0,0,0,0,0,0
0,0,0,0,251,0.0,255,0,0,0,0,0,0,0,0,0,0,0,0,0,0,1
